1967,Week,Day,Date,,Winner/tie,,Loser/tie,PtsW,PtsL,YdsW,TOW,YdsL,TOL,
1967,1,Sun,September 17,boxscore,Baltimore Colts,,Atlanta Falcons,38,31,508,2,303,5,
1967,1,Sun,September 17,boxscore,Philadelphia Eagles,,Washington Redskins,35,24,426,2,388,1,
1967,1,Sun,September 17,boxscore,Los Angeles Rams,@,New Orleans Saints,27,13,462,1,299,3,
1967,1,Sun,September 17,boxscore,Pittsburgh Steelers,,Chicago Bears,41,13,393,2,95,6,
1967,1,Sun,September 17,boxscore,Green Bay Packers,,Detroit Lions,17,17,306,5,233,1,
1967,1,Sun,September 17,boxscore,New York Giants,@,St. Louis Cardinals,37,20,336,0,358,6,
1967,1,Sun,September 17,boxscore,Dallas Cowboys,@,Cleveland Browns,21,14,370,4,221,3,
1967,1,Sun,September 17,boxscore,San Francisco 49ers,@,Minnesota Vikings,27,21,360,1,335,3,
1967,2,Fri,September 22,boxscore,Los Angeles Rams,,Minnesota Vikings,39,3,237,2,224,6,
1967,2,Sun,September 24,boxscore,Detroit Lions,,Cleveland Browns,31,14,461,0,269,3,
1967,2,Sun,September 24,boxscore,Green Bay Packers,,Chicago Bears,13,10,365,8,159,1,
1967,2,Sun,September 24,boxscore,Washington Redskins,@,New Orleans Saints,30,10,369,1,290,0,
1967,2,Sun,September 24,boxscore,Baltimore Colts,@,Philadelphia Eagles,38,6,345,0,299,4,
1967,2,Sun,September 24,boxscore,Dallas Cowboys,,New York Giants,38,24,414,1,266,3,
1967,2,Sun,September 24,boxscore,St. Louis Cardinals,@,Pittsburgh Steelers,28,14,283,1,237,6,
1967,2,Sun,September 24,boxscore,San Francisco 49ers,,Atlanta Falcons,38,7,517,2,97,1,
1967,3,Sun,October 1,boxscore,Baltimore Colts,,San Francisco 49ers,41,7,524,0,240,2,
1967,3,Sun,October 1,boxscore,Cleveland Browns,@,New Orleans Saints,42,7,421,4,266,5,
1967,3,Sun,October 1,boxscore,Los Angeles Rams,@,Dallas Cowboys,35,13,356,1,272,4,
1967,3,Sun,October 1,boxscore,St. Louis Cardinals,,Detroit Lions,38,28,403,1,310,3,
1967,3,Sun,October 1,boxscore,Washington Redskins,,New York Giants,38,34,405,2,520,3,
1967,3,Sun,October 1,boxscore,Philadelphia Eagles,,Pittsburgh Steelers,34,24,319,1,318,3,
1967,3,Sun,October 1,boxscore,Chicago Bears,@,Minnesota Vikings,17,7,221,0,200,2,
1967,3,Sun,October 1,boxscore,Green Bay Packers,,Atlanta Falcons,23,0,382,2,58,2,
1967,4,Sat,October 7,boxscore,Cleveland Browns,,Pittsburgh Steelers,21,10,361,3,278,4,
1967,4,Sun,October 8,boxscore,St. Louis Cardinals,@,Minnesota Vikings,34,24,412,3,337,3,
1967,4,Sun,October 8,boxscore,Dallas Cowboys,@,Washington Redskins,17,14,320,2,253,3,
1967,4,Sun,October 8,boxscore,Philadelphia Eagles,@,Atlanta Falcons,38,7,380,0,308,6,
1967,4,Sun,October 8,boxscore,San Francisco 49ers,@,Los Angeles Rams,27,24,335,3,253,6,
1967,4,Sun,October 8,boxscore,Baltimore Colts,@,Chicago Bears,24,3,219,4,272,5,
1967,4,Sun,October 8,boxscore,New York Giants,,New Orleans Saints,27,21,535,1,210,1,
1967,4,Sun,October 8,boxscore,Green Bay Packers,@,Detroit Lions,27,17,249,4,122,5,
1967,5,Sun,October 15,boxscore,San Francisco 49ers,@,Philadelphia Eagles,28,27,386,0,244,0,
1967,5,Sun,October 15,boxscore,Minnesota Vikings,@,Green Bay Packers,10,7,183,2,268,3,
1967,5,Sun,October 15,boxscore,Dallas Cowboys,,New Orleans Saints,14,10,234,3,207,3,
1967,5,Sun,October 15,boxscore,New York Giants,@,Pittsburgh Steelers,27,24,381,2,259,2,
1967,5,Sun,October 15,boxscore,Washington Redskins,@,Atlanta Falcons,20,20,415,3,323,2,
1967,5,Sun,October 15,boxscore,Cleveland Browns,,St. Louis Cardinals,20,16,223,1,349,5,
1967,5,Sun,October 15,boxscore,Chicago Bears,,Detroit Lions,14,3,265,3,168,3,
1967,5,Sun,October 15,boxscore,Los Angeles Rams,@,Baltimore Colts,24,24,410,1,368,2,
1967,6,Sun,October 22,boxscore,Detroit Lions,,Atlanta Falcons,24,3,250,1,223,1,
1967,6,Sun,October 22,boxscore,Dallas Cowboys,@,Pittsburgh Steelers,24,21,378,1,379,2,
1967,6,Sun,October 22,boxscore,Washington Redskins,@,Los Angeles Rams,28,28,354,0,438,1,
1967,6,Sun,October 22,boxscore,St. Louis Cardinals,,Philadelphia Eagles,48,14,416,0,319,2,
1967,6,Sun,October 22,boxscore,Minnesota Vikings,,Baltimore Colts,20,20,310,0,343,1,
1967,6,Sun,October 22,boxscore,Cleveland Browns,,Chicago Bears,24,0,347,1,136,2,
1967,6,Sun,October 22,boxscore,San Francisco 49ers,,New Orleans Saints,27,13,318,1,200,2,
1967,6,Sun,October 22,boxscore,Green Bay Packers,@,New York Giants,48,21,397,0,324,4,
1967,7,Sun,October 29,boxscore,Pittsburgh Steelers,@,New Orleans Saints,14,10,267,4,308,1,
1967,7,Sun,October 29,boxscore,New York Giants,,Cleveland Browns,38,34,386,2,369,4,
1967,7,Sun,October 29,boxscore,Los Angeles Rams,@,Chicago Bears,28,17,309,3,180,4,
1967,7,Sun,October 29,boxscore,Detroit Lions,@,San Francisco 49ers,45,3,391,2,173,6,
1967,7,Sun,October 29,boxscore,Philadelphia Eagles,,Dallas Cowboys,21,14,341,6,306,5,
1967,7,Sun,October 29,boxscore,Atlanta Falcons,,Minnesota Vikings,21,20,186,2,314,2,
1967,7,Sun,October 29,boxscore,Baltimore Colts,@,Washington Redskins,17,13,351,2,322,3,
1967,7,Mon,October 30,boxscore,Green Bay Packers,@,St. Louis Cardinals,31,23,246,2,405,2,
1967,8,Sun,November 5,boxscore,New Orleans Saints,,Philadelphia Eagles,31,24,249,2,359,2,
1967,8,Sun,November 5,boxscore,Los Angeles Rams,@,San Francisco 49ers,17,7,152,0,257,3,
1967,8,Sun,November 5,boxscore,Minnesota Vikings,,New York Giants,27,24,304,3,403,2,
1967,8,Sun,November 5,boxscore,Chicago Bears,@,Detroit Lions,27,13,180,2,174,4,
1967,8,Sun,November 5,boxscore,Baltimore Colts,,Green Bay Packers,13,10,237,2,265,1,
1967,8,Sun,November 5,boxscore,Dallas Cowboys,,Atlanta Falcons,37,7,324,2,223,5,
1967,8,Sun,November 5,boxscore,St. Louis Cardinals,@,Washington Redskins,27,21,414,2,219,3,
1967,8,Sun,November 5,boxscore,Cleveland Browns,@,Pittsburgh Steelers,34,14,313,1,301,3,
1967,9,Sun,November 12,boxscore,Minnesota Vikings,,Detroit Lions,10,10,177,1,366,6,
1967,9,Sun,November 12,boxscore,Los Angeles Rams,,Philadelphia Eagles,33,17,394,4,257,5,
1967,9,Sun,November 12,boxscore,Dallas Cowboys,@,New Orleans Saints,27,10,380,2,211,3,
1967,9,Sun,November 12,boxscore,Chicago Bears,,New York Giants,34,7,264,1,161,4,
1967,9,Sun,November 12,boxscore,Pittsburgh Steelers,@,St. Louis Cardinals,14,14,274,1,258,3,
1967,9,Sun,November 12,boxscore,Washington Redskins,,San Francisco 49ers,31,28,420,3,294,3,
1967,9,Sun,November 12,boxscore,Green Bay Packers,,Cleveland Browns,55,7,456,1,228,7,
1967,9,Sun,November 12,boxscore,Baltimore Colts,@,Atlanta Falcons,49,7,595,2,177,3,
1967,10,Sun,November 19,boxscore,Philadelphia Eagles,,New Orleans Saints,48,21,421,3,309,5,
1967,10,Sun,November 19,boxscore,Green Bay Packers,,San Francisco 49ers,13,0,297,1,308,2,
1967,10,Sun,November 19,boxscore,Cleveland Browns,,Minnesota Vikings,14,10,235,2,204,3,
1967,10,Sun,November 19,boxscore,Chicago Bears,,St. Louis Cardinals,30,3,461,3,230,9,
1967,10,Sun,November 19,boxscore,New York Giants,,Pittsburgh Steelers,28,20,238,4,281,3,
1967,10,Sun,November 19,boxscore,Los Angeles Rams,@,Atlanta Falcons,31,3,405,2,238,5,
1967,10,Sun,November 19,boxscore,Washington Redskins,@,Dallas Cowboys,27,20,314,2,446,5,
1967,10,Sun,November 19,boxscore,Baltimore Colts,,Detroit Lions,41,7,351,1,261,3,
1967,11,Thu,November 23,boxscore,Dallas Cowboys,,St. Louis Cardinals,46,21,436,1,317,4,
1967,11,Thu,November 23,boxscore,Los Angeles Rams,@,Detroit Lions,31,7,263,1,108,4,
1967,11,Sun,November 26,boxscore,Minnesota Vikings,@,Pittsburgh Steelers,41,27,212,5,117,6,
1967,11,Sun,November 26,boxscore,Green Bay Packers,@,Chicago Bears,17,13,245,0,249,3,
1967,11,Sun,November 26,boxscore,Baltimore Colts,@,San Francisco 49ers,26,9,343,2,165,4,
1967,11,Sun,November 26,boxscore,New Orleans Saints,,Atlanta Falcons,27,24,371,3,269,1,
1967,11,Sun,November 26,boxscore,New York Giants,,Philadelphia Eagles,44,7,444,0,172,4,
1967,11,Sun,November 26,boxscore,Cleveland Browns,,Washington Redskins,42,37,424,1,481,1,
1967,12,Sun,December 3,boxscore,Washington Redskins,,Philadelphia Eagles,35,35,460,3,365,4,
1967,12,Sun,December 3,boxscore,Chicago Bears,@,San Francisco 49ers,28,14,220,2,226,2,
1967,12,Sun,December 3,boxscore,Los Angeles Rams,,Atlanta Falcons,20,3,309,3,154,2,
1967,12,Sun,December 3,boxscore,Green Bay Packers,@,Minnesota Vikings,30,27,276,3,276,3,
1967,12,Sun,December 3,boxscore,St. Louis Cardinals,,New Orleans Saints,31,20,310,5,238,3,
1967,12,Sun,December 3,boxscore,Baltimore Colts,,Dallas Cowboys,23,17,310,4,223,4,
1967,12,Sun,December 3,boxscore,Pittsburgh Steelers,@,Detroit Lions,24,14,330,1,254,3,
1967,12,Sun,December 3,boxscore,Cleveland Browns,,New York Giants,24,14,215,1,343,2,
1967,13,Sat,December 9,boxscore,Los Angeles Rams,,Green Bay Packers,27,24,324,3,218,2,
1967,13,Sun,December 10,boxscore,Baltimore Colts,,New Orleans Saints,30,10,252,1,268,4,
1967,13,Sun,December 10,boxscore,Dallas Cowboys,,Philadelphia Eagles,38,17,325,4,102,5,
1967,13,Sun,December 10,boxscore,San Francisco 49ers,@,Atlanta Falcons,34,28,468,3,297,3,
1967,13,Sun,December 10,boxscore,Cleveland Browns,@,St. Louis Cardinals,20,16,131,2,295,2,
1967,13,Sun,December 10,boxscore,Minnesota Vikings,@,Chicago Bears,10,10,212,1,298,0,
1967,13,Sun,December 10,boxscore,Detroit Lions,@,New York Giants,30,7,306,1,149,1,
1967,13,Sun,December 10,boxscore,Washington Redskins,@,Pittsburgh Steelers,15,10,246,3,280,5,
1967,14,Sat,December 16,boxscore,San Francisco 49ers,,Dallas Cowboys,24,16,371,4,271,4,
1967,14,Sun,December 17,boxscore,Los Angeles Rams,,Baltimore Colts,34,10,328,1,262,2,
1967,14,Sun,December 17,boxscore,New York Giants,,St. Louis Cardinals,37,14,418,2,330,3,
1967,14,Sun,December 17,boxscore,Pittsburgh Steelers,@,Green Bay Packers,24,17,194,3,309,5,
1967,14,Sun,December 17,boxscore,New Orleans Saints,@,Washington Redskins,30,14,364,2,331,3,
1967,14,Sun,December 17,boxscore,Chicago Bears,@,Atlanta Falcons,23,14,293,0,157,1,
1967,14,Sun,December 17,boxscore,Philadelphia Eagles,,Cleveland Browns,28,24,340,2,324,2,
1967,14,Sun,December 17,boxscore,Detroit Lions,,Minnesota Vikings,14,3,134,4,190,3,
1967,,,Playoffs,,,,,,,,,,,
1967,Division,Sat,December 23,boxscore,Green Bay Packers,,Los Angeles Rams,28,7,374,4,217,1,
1967,Division,Sun,December 24,boxscore,Dallas Cowboys,,Cleveland Browns,52,14,401,2,322,1,
1967,Champ,Sun,December 31,boxscore,Green Bay Packers,,Dallas Cowboys,21,17,195,2,192,2,
1967,SuperBowl,Sun,January 14,boxscore,Green Bay Packers,N,Oakland Raiders,33,14,322,0,293,3,
