1979,Week,Day,Date,,Winner/tie,,Loser/tie,PtsW,PtsL,YdsW,TOW,YdsL,TOL,
1979,1,Sat,September 1,boxscore,Tampa Bay Buccaneers,,Detroit Lions,31,16,334,1,231,3,
1979,1,Sun,September 2,boxscore,Atlanta Falcons,@,New Orleans Saints,40,34,552,2,512,2,
1979,1,Sun,September 2,boxscore,Oakland Raiders,@,Los Angeles Rams,24,17,240,1,340,4,
1979,1,Sun,September 2,boxscore,Minnesota Vikings,,San Francisco 49ers,28,22,397,2,352,2,
1979,1,Sun,September 2,boxscore,Houston Oilers,@,Washington Redskins,29,27,365,3,246,3,
1979,1,Sun,September 2,boxscore,Philadelphia Eagles,,New York Giants,23,17,315,2,285,2,
1979,1,Sun,September 2,boxscore,Miami Dolphins,@,Buffalo Bills,9,7,293,1,121,1,
1979,1,Sun,September 2,boxscore,Chicago Bears,,Green Bay Packers,6,3,300,2,149,1,
1979,1,Sun,September 2,boxscore,Dallas Cowboys,@,St. Louis Cardinals,22,21,455,1,342,2,
1979,1,Sun,September 2,boxscore,Kansas City Chiefs,,Baltimore Colts,14,0,211,1,308,2,
1979,1,Sun,September 2,boxscore,Cleveland Browns,@,New York Jets,25,22,423,4,390,2,
1979,1,Sun,September 2,boxscore,Denver Broncos,,Cincinnati Bengals,10,0,399,0,232,0,
1979,1,Sun,September 2,boxscore,San Diego Chargers,@,Seattle Seahawks,33,16,356,1,334,6,
1979,1,Mon,September 3,boxscore,Pittsburgh Steelers,@,New England Patriots,16,13,309,2,244,2,
1979,2,Thu,September 6,boxscore,Los Angeles Rams,@,Denver Broncos,13,9,277,0,179,2,
1979,2,Sun,September 9,boxscore,Washington Redskins,@,Detroit Lions,27,24,321,2,374,6,
1979,2,Sun,September 9,boxscore,Tampa Bay Buccaneers,@,Baltimore Colts,29,26,294,5,206,4,
1979,2,Sun,September 9,boxscore,Miami Dolphins,,Seattle Seahawks,19,10,315,2,345,4,
1979,2,Sun,September 9,boxscore,San Diego Chargers,,Oakland Raiders,30,10,349,3,283,3,
1979,2,Sun,September 9,boxscore,Pittsburgh Steelers,,Houston Oilers,38,7,256,2,124,6,
1979,2,Sun,September 9,boxscore,New England Patriots,,New York Jets,56,3,597,3,134,6,
1979,2,Sun,September 9,boxscore,Green Bay Packers,,New Orleans Saints,28,19,309,2,474,2,
1979,2,Sun,September 9,boxscore,Chicago Bears,,Minnesota Vikings,26,7,329,2,159,1,
1979,2,Sun,September 9,boxscore,Dallas Cowboys,@,San Francisco 49ers,21,13,347,1,294,2,
1979,2,Sun,September 9,boxscore,St. Louis Cardinals,@,New York Giants,27,14,348,4,128,3,
1979,2,Sun,September 9,boxscore,Cleveland Browns,@,Kansas City Chiefs,27,24,402,2,248,1,
1979,2,Sun,September 9,boxscore,Buffalo Bills,,Cincinnati Bengals,51,24,455,2,335,3,
1979,2,Mon,September 10,boxscore,Atlanta Falcons,@,Philadelphia Eagles,14,10,247,2,241,2,
1979,3,Sun,September 16,boxscore,Tampa Bay Buccaneers,@,Green Bay Packers,21,10,367,1,274,3,
1979,3,Sun,September 16,boxscore,Los Angeles Rams,,San Francisco 49ers,27,24,387,1,239,1,
1979,3,Sun,September 16,boxscore,Seattle Seahawks,,Oakland Raiders,27,10,419,0,431,4,
1979,3,Sun,September 16,boxscore,Pittsburgh Steelers,@,St. Louis Cardinals,24,21,398,4,212,1,
1979,3,Sun,September 16,boxscore,Philadelphia Eagles,@,New Orleans Saints,26,14,361,0,235,2,
1979,3,Sun,September 16,boxscore,New England Patriots,@,Cincinnati Bengals,20,14,332,0,198,1,
1979,3,Sun,September 16,boxscore,Miami Dolphins,@,Minnesota Vikings,27,12,319,3,243,4,
1979,3,Sun,September 16,boxscore,Houston Oilers,,Kansas City Chiefs,20,6,345,1,280,5,
1979,3,Sun,September 16,boxscore,San Diego Chargers,,Buffalo Bills,27,19,339,1,298,0,
1979,3,Sun,September 16,boxscore,Dallas Cowboys,,Chicago Bears,24,20,420,3,318,2,
1979,3,Sun,September 16,boxscore,Cleveland Browns,,Baltimore Colts,13,10,321,2,283,0,
1979,3,Sun,September 16,boxscore,Denver Broncos,@,Atlanta Falcons,20,17,369,2,382,0,
1979,3,Sun,September 16,boxscore,New York Jets,,Detroit Lions,31,10,387,1,229,3,
1979,3,Mon,September 17,boxscore,Washington Redskins,,New York Giants,27,0,282,2,206,2,
1979,4,Sun,September 23,boxscore,Philadelphia Eagles,@,New York Giants,17,13,326,3,229,2,
1979,4,Sun,September 23,boxscore,Kansas City Chiefs,,Oakland Raiders,35,7,292,2,121,4,
1979,4,Sun,September 23,boxscore,Tampa Bay Buccaneers,,Los Angeles Rams,21,6,249,3,186,4,
1979,4,Sun,September 23,boxscore,New England Patriots,,San Diego Chargers,27,21,291,2,232,2,
1979,4,Sun,September 23,boxscore,Denver Broncos,,Seattle Seahawks,37,34,344,3,350,4,
1979,4,Sun,September 23,boxscore,Washington Redskins,@,St. Louis Cardinals,17,7,191,1,376,5,
1979,4,Sun,September 23,boxscore,Houston Oilers,@,Cincinnati Bengals,30,27,361,3,265,2,
1979,4,Sun,September 23,boxscore,Buffalo Bills,,New York Jets,46,31,497,1,416,4,
1979,4,Sun,September 23,boxscore,Detroit Lions,,Atlanta Falcons,24,23,400,1,270,1,
1979,4,Sun,September 23,boxscore,Miami Dolphins,,Chicago Bears,31,16,389,1,240,2,
1979,4,Sun,September 23,boxscore,Pittsburgh Steelers,,Baltimore Colts,17,13,392,4,285,2,
1979,4,Sun,September 23,boxscore,Minnesota Vikings,,Green Bay Packers,27,21,376,2,249,1,
1979,4,Sun,September 23,boxscore,New Orleans Saints,@,San Francisco 49ers,30,21,512,2,341,4,
1979,4,Mon,September 24,boxscore,Cleveland Browns,,Dallas Cowboys,26,7,311,1,394,5,
1979,5,Sun,September 30,boxscore,Washington Redskins,@,Atlanta Falcons,16,7,359,1,156,3,
1979,5,Sun,September 30,boxscore,Tampa Bay Buccaneers,@,Chicago Bears,17,13,373,3,234,3,
1979,5,Sun,September 30,boxscore,San Diego Chargers,,San Francisco 49ers,31,9,317,2,242,3,
1979,5,Sun,September 30,boxscore,Philadelphia Eagles,,Pittsburgh Steelers,17,14,283,2,308,4,
1979,5,Sun,September 30,boxscore,New Orleans Saints,,New York Giants,24,14,362,3,285,3,
1979,5,Sun,September 30,boxscore,Minnesota Vikings,@,Detroit Lions,13,10,287,2,193,2,
1979,5,Sun,September 30,boxscore,New York Jets,,Miami Dolphins,33,27,354,1,354,1,
1979,5,Sun,September 30,boxscore,Kansas City Chiefs,@,Seattle Seahawks,24,6,230,1,312,2,
1979,5,Sun,September 30,boxscore,Buffalo Bills,@,Baltimore Colts,31,13,374,2,349,2,
1979,5,Sun,September 30,boxscore,Dallas Cowboys,,Cincinnati Bengals,38,13,370,1,285,3,
1979,5,Sun,September 30,boxscore,Houston Oilers,,Cleveland Browns,31,10,270,0,309,4,
1979,5,Sun,September 30,boxscore,Los Angeles Rams,,St. Louis Cardinals,21,0,392,2,231,3,
1979,5,Sun,September 30,boxscore,Oakland Raiders,,Denver Broncos,27,3,277,0,291,3,
1979,5,Mon,October 1,boxscore,Green Bay Packers,,New England Patriots,27,14,317,2,401,6,
1979,6,Sun,October 7,boxscore,Pittsburgh Steelers,@,Cleveland Browns,51,35,522,1,458,5,
1979,6,Sun,October 7,boxscore,Los Angeles Rams,@,New Orleans Saints,35,17,295,2,234,6,
1979,6,Sun,October 7,boxscore,Denver Broncos,,San Diego Chargers,7,0,193,1,374,4,
1979,6,Sun,October 7,boxscore,Seattle Seahawks,@,San Francisco 49ers,35,24,310,0,464,2,
1979,6,Sun,October 7,boxscore,New York Giants,,Tampa Bay Buccaneers,17,14,220,1,273,3,
1979,6,Sun,October 7,boxscore,Philadelphia Eagles,,Washington Redskins,28,17,352,0,318,1,
1979,6,Sun,October 7,boxscore,Baltimore Colts,,New York Jets,10,8,276,2,358,3,
1979,6,Sun,October 7,boxscore,St. Louis Cardinals,@,Houston Oilers,24,17,447,4,222,3,
1979,6,Sun,October 7,boxscore,Kansas City Chiefs,@,Cincinnati Bengals,10,7,200,2,221,2,
1979,6,Sun,October 7,boxscore,Atlanta Falcons,,Green Bay Packers,25,7,286,1,275,3,
1979,6,Sun,October 7,boxscore,New England Patriots,,Detroit Lions,24,17,251,2,211,3,
1979,6,Sun,October 7,boxscore,Dallas Cowboys,@,Minnesota Vikings,36,20,446,2,240,2,
1979,6,Sun,October 7,boxscore,Chicago Bears,@,Buffalo Bills,7,0,258,2,106,2,
1979,6,Mon,October 8,boxscore,Oakland Raiders,,Miami Dolphins,13,3,209,0,226,3,
1979,7,Sun,October 14,boxscore,Philadelphia Eagles,@,St. Louis Cardinals,24,20,262,4,322,3,
1979,7,Sun,October 14,boxscore,Cincinnati Bengals,,Pittsburgh Steelers,34,10,284,4,327,9,
1979,7,Sun,October 14,boxscore,Dallas Cowboys,,Los Angeles Rams,30,6,403,1,158,3,
1979,7,Sun,October 14,boxscore,San Diego Chargers,,Seattle Seahawks,20,10,391,0,280,1,
1979,7,Sun,October 14,boxscore,New York Giants,,San Francisco 49ers,32,16,377,2,353,3,
1979,7,Sun,October 14,boxscore,Washington Redskins,@,Cleveland Browns,13,9,310,1,304,3,
1979,7,Sun,October 14,boxscore,Houston Oilers,@,Baltimore Colts,28,16,247,2,189,4,
1979,7,Sun,October 14,boxscore,New England Patriots,@,Chicago Bears,27,7,360,2,169,2,
1979,7,Sun,October 14,boxscore,Oakland Raiders,,Atlanta Falcons,50,19,347,0,434,6,
1979,7,Sun,October 14,boxscore,Miami Dolphins,,Buffalo Bills,17,7,279,1,178,1,
1979,7,Sun,October 14,boxscore,Denver Broncos,@,Kansas City Chiefs,24,10,344,1,166,2,
1979,7,Sun,October 14,boxscore,Green Bay Packers,,Detroit Lions,24,16,298,2,247,2,
1979,7,Sun,October 14,boxscore,New Orleans Saints,@,Tampa Bay Buccaneers,42,14,397,1,374,4,
1979,7,Mon,October 15,boxscore,New York Jets,,Minnesota Vikings,14,7,245,0,310,7,
1979,8,Sun,October 21,boxscore,New England Patriots,,Miami Dolphins,28,13,299,1,204,5,
1979,8,Sun,October 21,boxscore,New York Giants,@,Kansas City Chiefs,21,17,226,1,463,4,
1979,8,Sun,October 21,boxscore,Seattle Seahawks,,Houston Oilers,34,14,391,2,243,3,
1979,8,Sun,October 21,boxscore,Washington Redskins,,Philadelphia Eagles,17,7,327,3,200,4,
1979,8,Sun,October 21,boxscore,New York Jets,,Oakland Raiders,28,19,328,3,459,5,
1979,8,Sun,October 21,boxscore,San Diego Chargers,@,Los Angeles Rams,40,16,391,2,337,8,
1979,8,Sun,October 21,boxscore,Tampa Bay Buccaneers,,Green Bay Packers,21,3,313,1,299,4,
1979,8,Sun,October 21,boxscore,New Orleans Saints,,Detroit Lions,17,7,284,3,197,4,
1979,8,Sun,October 21,boxscore,San Francisco 49ers,,Atlanta Falcons,20,15,397,2,214,2,
1979,8,Sun,October 21,boxscore,Minnesota Vikings,,Chicago Bears,30,27,267,2,496,4,
1979,8,Sun,October 21,boxscore,Cleveland Browns,,Cincinnati Bengals,28,27,315,3,395,2,
1979,8,Sun,October 21,boxscore,Baltimore Colts,@,Buffalo Bills,14,13,261,2,324,2,
1979,8,Sun,October 21,boxscore,Dallas Cowboys,,St. Louis Cardinals,22,13,319,3,235,2,
1979,8,Mon,October 22,boxscore,Pittsburgh Steelers,,Denver Broncos,42,7,530,3,329,3,
1979,9,Thu,October 25,boxscore,Oakland Raiders,,San Diego Chargers,45,22,339,0,380,3,
1979,9,Sun,October 28,boxscore,Tampa Bay Buccaneers,@,Minnesota Vikings,12,10,360,1,330,1,
1979,9,Sun,October 28,boxscore,Cincinnati Bengals,,Philadelphia Eagles,37,13,290,0,260,4,
1979,9,Sun,October 28,boxscore,Houston Oilers,,New York Jets,27,24,311,1,357,3,
1979,9,Sun,October 28,boxscore,New York Giants,@,Los Angeles Rams,20,14,234,1,366,4,
1979,9,Sun,October 28,boxscore,Baltimore Colts,,New England Patriots,31,26,396,4,408,2,
1979,9,Sun,October 28,boxscore,New Orleans Saints,@,Washington Redskins,14,10,233,2,225,1,
1979,9,Sun,October 28,boxscore,Denver Broncos,,Kansas City Chiefs,20,3,381,2,210,3,
1979,9,Sun,October 28,boxscore,Buffalo Bills,@,Detroit Lions,20,17,424,3,377,1,
1979,9,Sun,October 28,boxscore,Chicago Bears,@,San Francisco 49ers,28,27,352,2,455,2,
1979,9,Sun,October 28,boxscore,Cleveland Browns,@,St. Louis Cardinals,38,20,418,2,282,3,
1979,9,Sun,October 28,boxscore,Pittsburgh Steelers,,Dallas Cowboys,14,3,288,0,278,1,
1979,9,Sun,October 28,boxscore,Miami Dolphins,,Green Bay Packers,27,7,475,1,196,3,
1979,9,Mon,October 29,boxscore,Seattle Seahawks,@,Atlanta Falcons,31,28,411,4,315,2,
1979,10,Sun,November 4,boxscore,Pittsburgh Steelers,,Washington Redskins,38,7,545,3,237,4,
1979,10,Sun,November 4,boxscore,Atlanta Falcons,,Tampa Bay Buccaneers,17,14,266,1,268,3,
1979,10,Sun,November 4,boxscore,Oakland Raiders,,San Francisco 49ers,23,10,309,5,363,6,
1979,10,Sun,November 4,boxscore,San Diego Chargers,@,Kansas City Chiefs,20,14,315,2,283,4,
1979,10,Sun,November 4,boxscore,Los Angeles Rams,@,Seattle Seahawks,24,0,475,1,-7,1,
1979,10,Sun,November 4,boxscore,New York Jets,@,Green Bay Packers,27,22,382,2,395,4,
1979,10,Sun,November 4,boxscore,New England Patriots,@,Buffalo Bills,26,6,438,3,264,5,
1979,10,Sun,November 4,boxscore,Denver Broncos,,New Orleans Saints,10,3,349,3,239,1,
1979,10,Sun,November 4,boxscore,Baltimore Colts,,Cincinnati Bengals,38,28,355,0,351,3,
1979,10,Sun,November 4,boxscore,Cleveland Browns,@,Philadelphia Eagles,24,19,341,3,435,4,
1979,10,Sun,November 4,boxscore,Dallas Cowboys,@,New York Giants,16,14,344,1,249,1,
1979,10,Sun,November 4,boxscore,Chicago Bears,,Detroit Lions,35,7,308,0,199,5,
1979,10,Sun,November 4,boxscore,St. Louis Cardinals,,Minnesota Vikings,37,7,467,3,333,4,
1979,10,Mon,November 5,boxscore,Houston Oilers,@,Miami Dolphins,9,6,190,0,240,4,
1979,11,Sun,November 11,boxscore,Houston Oilers,,Oakland Raiders,31,17,348,2,294,3,
1979,11,Sun,November 11,boxscore,Chicago Bears,,Los Angeles Rams,27,23,272,0,321,3,
1979,11,Sun,November 11,boxscore,San Diego Chargers,@,Cincinnati Bengals,26,24,324,4,254,0,
1979,11,Sun,November 11,boxscore,Seattle Seahawks,@,Cleveland Browns,29,24,427,1,373,3,
1979,11,Sun,November 11,boxscore,New Orleans Saints,,San Francisco 49ers,31,20,368,1,393,1,
1979,11,Sun,November 11,boxscore,Tampa Bay Buccaneers,@,Detroit Lions,16,14,286,1,267,3,
1979,11,Sun,November 11,boxscore,Pittsburgh Steelers,@,Kansas City Chiefs,30,3,355,2,127,3,
1979,11,Sun,November 11,boxscore,Buffalo Bills,@,New York Jets,14,12,270,0,237,3,
1979,11,Sun,November 11,boxscore,Denver Broncos,,New England Patriots,45,10,289,3,92,3,
1979,11,Sun,November 11,boxscore,Green Bay Packers,,Minnesota Vikings,19,7,293,3,347,5,
1979,11,Sun,November 11,boxscore,Washington Redskins,,St. Louis Cardinals,30,28,327,1,331,4,
1979,11,Sun,November 11,boxscore,Miami Dolphins,,Baltimore Colts,19,0,247,3,231,3,
1979,11,Sun,November 11,boxscore,New York Giants,,Atlanta Falcons,24,3,219,4,249,4,
1979,11,Mon,November 12,boxscore,Philadelphia Eagles,@,Dallas Cowboys,31,21,328,0,408,3,
1979,12,Sun,November 18,boxscore,Kansas City Chiefs,@,Oakland Raiders,24,21,363,1,339,3,
1979,12,Sun,November 18,boxscore,Cleveland Browns,,Miami Dolphins,30,24,493,2,317,3,
1979,12,Sun,November 18,boxscore,Seattle Seahawks,,New Orleans Saints,38,24,521,1,420,1,
1979,12,Sun,November 18,boxscore,Tampa Bay Buccaneers,,New York Giants,31,3,363,0,200,4,
1979,12,Sun,November 18,boxscore,Chicago Bears,,New York Jets,23,13,254,0,320,3,
1979,12,Sun,November 18,boxscore,San Diego Chargers,,Pittsburgh Steelers,35,7,218,4,191,8,
1979,12,Sun,November 18,boxscore,Buffalo Bills,,Green Bay Packers,19,12,400,1,290,5,
1979,12,Sun,November 18,boxscore,Minnesota Vikings,,Detroit Lions,14,7,295,1,167,3,
1979,12,Sun,November 18,boxscore,Denver Broncos,@,San Francisco 49ers,38,28,369,2,240,2,
1979,12,Sun,November 18,boxscore,Washington Redskins,,Dallas Cowboys,34,20,306,0,384,5,
1979,12,Sun,November 18,boxscore,Philadelphia Eagles,,St. Louis Cardinals,16,13,287,0,306,0,
1979,12,Sun,November 18,boxscore,New England Patriots,,Baltimore Colts,50,21,417,1,263,3,
1979,12,Sun,November 18,boxscore,Houston Oilers,,Cincinnati Bengals,42,21,485,3,306,6,
1979,12,Mon,November 19,boxscore,Los Angeles Rams,,Atlanta Falcons,20,14,339,3,336,4,
1979,13,Thu,November 22,boxscore,Detroit Lions,,Chicago Bears,20,0,331,3,220,3,
1979,13,Thu,November 22,boxscore,Houston Oilers,@,Dallas Cowboys,30,24,378,0,371,3,
1979,13,Sun,November 25,boxscore,Oakland Raiders,@,Denver Broncos,14,10,376,2,382,3,
1979,13,Sun,November 25,boxscore,Philadelphia Eagles,@,Green Bay Packers,21,10,347,0,331,3,
1979,13,Sun,November 25,boxscore,New York Giants,,Washington Redskins,14,6,267,1,225,1,
1979,13,Sun,November 25,boxscore,New Orleans Saints,@,Atlanta Falcons,37,6,415,2,237,6,
1979,13,Sun,November 25,boxscore,Minnesota Vikings,@,Tampa Bay Buccaneers,23,22,268,2,425,1,
1979,13,Sun,November 25,boxscore,Miami Dolphins,@,Baltimore Colts,28,24,265,1,416,3,
1979,13,Sun,November 25,boxscore,San Diego Chargers,,Kansas City Chiefs,28,7,460,1,190,1,
1979,13,Sun,November 25,boxscore,Cincinnati Bengals,,St. Louis Cardinals,34,28,342,0,480,6,
1979,13,Sun,November 25,boxscore,Pittsburgh Steelers,,Cleveland Browns,33,30,606,3,345,1,
1979,13,Sun,November 25,boxscore,Buffalo Bills,@,New England Patriots,16,13,281,2,309,4,
1979,13,Sun,November 25,boxscore,Los Angeles Rams,@,San Francisco 49ers,26,20,322,3,374,3,
1979,13,Mon,November 26,boxscore,Seattle Seahawks,,New York Jets,30,7,399,1,365,2,
1979,14,Thu,November 29,boxscore,Miami Dolphins,,New England Patriots,39,24,322,2,420,6,
1979,14,Sun,December 2,boxscore,St. Louis Cardinals,,San Francisco 49ers,13,10,286,1,290,2,
1979,14,Sun,December 2,boxscore,Kansas City Chiefs,,Seattle Seahawks,37,21,331,2,275,5,
1979,14,Sun,December 2,boxscore,Cleveland Browns,,Houston Oilers,14,7,335,2,249,2,
1979,14,Sun,December 2,boxscore,Dallas Cowboys,,New York Giants,28,7,316,0,197,3,
1979,14,Sun,December 2,boxscore,Los Angeles Rams,,Minnesota Vikings,27,21,300,3,409,4,
1979,14,Sun,December 2,boxscore,Washington Redskins,,Green Bay Packers,38,21,437,1,274,3,
1979,14,Sun,December 2,boxscore,Philadelphia Eagles,,Detroit Lions,44,7,384,2,180,1,
1979,14,Sun,December 2,boxscore,Atlanta Falcons,@,San Diego Chargers,28,26,375,2,410,2,
1979,14,Sun,December 2,boxscore,Chicago Bears,@,Tampa Bay Buccaneers,14,0,164,1,238,5,
1979,14,Sun,December 2,boxscore,Pittsburgh Steelers,,Cincinnati Bengals,37,17,478,1,340,1,
1979,14,Sun,December 2,boxscore,New York Jets,,Baltimore Colts,30,17,368,1,343,3,
1979,14,Sun,December 2,boxscore,Denver Broncos,@,Buffalo Bills,19,16,226,4,398,7,
1979,14,Mon,December 3,boxscore,Oakland Raiders,@,New Orleans Saints,42,35,406,3,289,2,
1979,15,Sat,December 8,boxscore,Seattle Seahawks,,Denver Broncos,28,23,382,2,363,3,
1979,15,Sat,December 8,boxscore,Dallas Cowboys,@,Philadelphia Eagles,24,17,279,1,284,1,
1979,15,Sun,December 9,boxscore,St. Louis Cardinals,,New York Giants,29,20,406,2,257,5,
1979,15,Sun,December 9,boxscore,Los Angeles Rams,@,Atlanta Falcons,34,13,348,2,347,5,
1979,15,Sun,December 9,boxscore,San Diego Chargers,@,New Orleans Saints,35,0,400,0,231,2,
1979,15,Sun,December 9,boxscore,San Francisco 49ers,,Tampa Bay Buccaneers,23,7,327,1,263,6,
1979,15,Sun,December 9,boxscore,New York Jets,,New England Patriots,27,26,281,0,320,1,
1979,15,Sun,December 9,boxscore,Miami Dolphins,@,Detroit Lions,28,10,321,2,182,3,
1979,15,Sun,December 9,boxscore,Kansas City Chiefs,@,Baltimore Colts,10,7,302,2,298,4,
1979,15,Sun,December 9,boxscore,Oakland Raiders,,Cleveland Browns,19,14,326,2,274,3,
1979,15,Sun,December 9,boxscore,Washington Redskins,,Cincinnati Bengals,28,14,420,2,345,0,
1979,15,Sun,December 9,boxscore,Chicago Bears,@,Green Bay Packers,15,14,267,2,306,5,
1979,15,Sun,December 9,boxscore,Minnesota Vikings,,Buffalo Bills,10,3,189,1,291,2,
1979,15,Mon,December 10,boxscore,Houston Oilers,,Pittsburgh Steelers,20,17,350,0,338,2,
1979,16,Sat,December 15,boxscore,Green Bay Packers,@,Detroit Lions,18,13,287,0,228,3,
1979,16,Sat,December 15,boxscore,New York Jets,@,Miami Dolphins,27,24,322,4,384,4,
1979,16,Sun,December 16,boxscore,Philadelphia Eagles,@,Houston Oilers,26,20,366,1,339,3,
1979,16,Sun,December 16,boxscore,Seattle Seahawks,@,Oakland Raiders,29,24,408,2,418,3,
1979,16,Sun,December 16,boxscore,Atlanta Falcons,,San Francisco 49ers,31,21,263,2,449,3,
1979,16,Sun,December 16,boxscore,Dallas Cowboys,,Washington Redskins,35,34,434,3,373,1,
1979,16,Sun,December 16,boxscore,New Orleans Saints,@,Los Angeles Rams,29,14,422,4,290,6,
1979,16,Sun,December 16,boxscore,New England Patriots,,Minnesota Vikings,27,23,291,1,453,1,
1979,16,Sun,December 16,boxscore,Tampa Bay Buccaneers,,Kansas City Chiefs,3,0,269,3,80,2,
1979,16,Sun,December 16,boxscore,Chicago Bears,,St. Louis Cardinals,42,6,456,2,113,2,
1979,16,Sun,December 16,boxscore,Baltimore Colts,@,New York Giants,31,7,387,2,195,5,
1979,16,Sun,December 16,boxscore,Cincinnati Bengals,,Cleveland Browns,16,12,196,2,350,4,
1979,16,Sun,December 16,boxscore,Pittsburgh Steelers,,Buffalo Bills,28,0,415,4,156,3,
1979,16,Mon,December 17,boxscore,San Diego Chargers,,Denver Broncos,17,7,327,4,335,5,
1979,,,Playoffs,,,,,,,,,,,
1979,WildCard,Sun,December 23,boxscore,Houston Oilers,,Denver Broncos,13,7,282,2,216,1,
1979,WildCard,Sun,December 23,boxscore,Philadelphia Eagles,,Chicago Bears,27,17,315,3,241,3,
1979,Division,Sat,December 29,boxscore,Houston Oilers,@,San Diego Chargers,17,14,259,1,380,5,
1979,Division,Sat,December 29,boxscore,Tampa Bay Buccaneers,,Philadelphia Eagles,24,17,318,1,227,1,
1979,Division,Sun,December 30,boxscore,Pittsburgh Steelers,,Miami Dolphins,34,14,379,3,249,2,
1979,Division,Sun,December 30,boxscore,Los Angeles Rams,@,Dallas Cowboys,21,19,361,2,306,1,
1979,ConfChamp,Sun,January 6,boxscore,Los Angeles Rams,@,Tampa Bay Buccaneers,9,0,369,1,177,1,
1979,ConfChamp,Sun,January 6,boxscore,Pittsburgh Steelers,,Houston Oilers,27,13,358,2,227,3,
1979,SuperBowl,Sun,January 20,boxscore,Pittsburgh Steelers,N,Los Angeles Rams,31,19,393,3,301,1,
