1982,Week,Day,Date,,Winner/tie,,Loser/tie,PtsW,PtsL,YdsW,TOW,YdsL,TOL,
1982,1,Sun,September 12,boxscore,Atlanta Falcons,@,New York Giants,16,14,272,3,378,4,
1982,1,Sun,September 12,boxscore,Washington Redskins,@,Philadelphia Eagles,37,34,487,2,426,1,
1982,1,Sun,September 12,boxscore,Minnesota Vikings,,Tampa Bay Buccaneers,17,10,216,1,355,4,
1982,1,Sun,September 12,boxscore,San Diego Chargers,@,Denver Broncos,23,3,393,0,323,6,
1982,1,Sun,September 12,boxscore,Green Bay Packers,,Los Angeles Rams,35,23,377,6,271,3,
1982,1,Sun,September 12,boxscore,Los Angeles Raiders,@,San Francisco 49ers,23,17,255,4,252,4,
1982,1,Sun,September 12,boxscore,Cincinnati Bengals,,Houston Oilers,27,6,419,0,171,1,
1982,1,Sun,September 12,boxscore,New England Patriots,@,Baltimore Colts,24,13,330,1,352,4,
1982,1,Sun,September 12,boxscore,Detroit Lions,,Chicago Bears,17,10,212,1,154,1,
1982,1,Sun,September 12,boxscore,Cleveland Browns,@,Seattle Seahawks,21,7,330,1,180,3,
1982,1,Sun,September 12,boxscore,St. Louis Cardinals,@,New Orleans Saints,21,7,150,1,290,4,
1982,1,Sun,September 12,boxscore,Buffalo Bills,,Kansas City Chiefs,14,9,259,0,229,2,
1982,1,Sun,September 12,boxscore,Miami Dolphins,@,New York Jets,45,28,323,2,341,4,
1982,1,Mon,September 13,boxscore,Pittsburgh Steelers,@,Dallas Cowboys,36,28,388,1,436,4,
1982,2,Thu,September 16,boxscore,Buffalo Bills,,Minnesota Vikings,23,22,451,2,371,1,
1982,2,Sun,September 19,boxscore,Los Angeles Raiders,@,Atlanta Falcons,38,14,364,1,385,5,
1982,2,Sun,September 19,boxscore,Kansas City Chiefs,,San Diego Chargers,19,12,282,1,282,3,
1982,2,Sun,September 19,boxscore,Houston Oilers,,Seattle Seahawks,23,21,282,3,303,3,
1982,2,Sun,September 19,boxscore,Denver Broncos,,San Francisco 49ers,24,21,283,2,413,2,
1982,2,Sun,September 19,boxscore,Washington Redskins,@,Tampa Bay Buccaneers,21,13,248,0,278,4,
1982,2,Sun,September 19,boxscore,Philadelphia Eagles,@,Cleveland Browns,24,21,423,2,366,3,
1982,2,Sun,September 19,boxscore,New York Jets,@,New England Patriots,31,7,396,2,57,3,
1982,2,Sun,September 19,boxscore,New Orleans Saints,@,Chicago Bears,10,0,317,1,183,3,
1982,2,Sun,September 19,boxscore,Detroit Lions,@,Los Angeles Rams,19,14,355,2,375,5,
1982,2,Sun,September 19,boxscore,Dallas Cowboys,@,St. Louis Cardinals,24,7,379,2,311,1,
1982,2,Sun,September 19,boxscore,Miami Dolphins,,Baltimore Colts,24,20,303,2,256,0,
1982,2,Sun,September 19,boxscore,Pittsburgh Steelers,,Cincinnati Bengals,26,20,295,0,379,3,
1982,2,Mon,September 20,boxscore,Green Bay Packers,@,New York Giants,27,19,361,1,267,3,
1982,11,Sun,November 21,boxscore,Atlanta Falcons,,Los Angeles Rams,34,17,387,0,274,2,
1982,11,Sun,November 21,boxscore,Seattle Seahawks,@,Denver Broncos,17,10,387,1,250,2,
1982,11,Sun,November 21,boxscore,San Francisco 49ers,@,St. Louis Cardinals,31,20,448,3,254,0,
1982,11,Sun,November 21,boxscore,Dallas Cowboys,,Tampa Bay Buccaneers,14,9,185,1,382,1,
1982,11,Sun,November 21,boxscore,Washington Redskins,@,New York Giants,27,17,312,0,287,1,
1982,11,Sun,November 21,boxscore,Pittsburgh Steelers,@,Houston Oilers,24,10,362,3,292,4,
1982,11,Sun,November 21,boxscore,Cleveland Browns,,New England Patriots,10,7,225,0,265,2,
1982,11,Sun,November 21,boxscore,Green Bay Packers,,Minnesota Vikings,26,7,359,1,184,1,
1982,11,Sun,November 21,boxscore,Cincinnati Bengals,@,Philadelphia Eagles,18,14,310,4,275,3,
1982,11,Sun,November 21,boxscore,New York Jets,,Baltimore Colts,37,0,476,0,318,3,
1982,11,Sun,November 21,boxscore,Chicago Bears,,Detroit Lions,20,17,365,3,152,2,
1982,11,Sun,November 21,boxscore,New Orleans Saints,,Kansas City Chiefs,27,17,293,1,286,2,
1982,11,Sun,November 21,boxscore,Miami Dolphins,@,Buffalo Bills,9,7,249,2,258,7,
1982,11,Mon,November 22,boxscore,Los Angeles Raiders,,San Diego Chargers,28,24,326,2,411,4,
1982,12,Thu,November 25,boxscore,New York Giants,@,Detroit Lions,13,6,206,3,321,4,
1982,12,Thu,November 25,boxscore,Dallas Cowboys,,Cleveland Browns,31,14,496,4,280,5,
1982,12,Sun,November 28,boxscore,New England Patriots,,Houston Oilers,29,21,378,3,240,3,
1982,12,Sun,November 28,boxscore,Washington Redskins,,Philadelphia Eagles,13,9,295,3,319,5,
1982,12,Sun,November 28,boxscore,Seattle Seahawks,,Pittsburgh Steelers,16,0,290,1,218,5,
1982,12,Sun,November 28,boxscore,Cincinnati Bengals,,Los Angeles Raiders,31,17,347,2,335,4,
1982,12,Sun,November 28,boxscore,New Orleans Saints,@,San Francisco 49ers,23,20,324,1,376,3,
1982,12,Sun,November 28,boxscore,Minnesota Vikings,,Chicago Bears,35,7,384,3,197,5,
1982,12,Sun,November 28,boxscore,Los Angeles Rams,,Kansas City Chiefs,20,14,281,4,278,1,
1982,12,Sun,November 28,boxscore,New York Jets,,Green Bay Packers,15,13,355,2,263,1,
1982,12,Sun,November 28,boxscore,San Diego Chargers,,Denver Broncos,30,20,436,3,294,5,
1982,12,Sun,November 28,boxscore,St. Louis Cardinals,@,Atlanta Falcons,23,20,299,0,274,2,
1982,12,Sun,November 28,boxscore,Buffalo Bills,,Baltimore Colts,20,0,312,0,88,1,
1982,12,Mon,November 29,boxscore,Tampa Bay Buccaneers,,Miami Dolphins,23,17,215,0,330,6,
1982,13,Thu,December 2,boxscore,San Francisco 49ers,@,Los Angeles Rams,30,24,375,1,341,2,
1982,13,Sun,December 5,boxscore,Tampa Bay Buccaneers,@,New Orleans Saints,13,10,271,0,380,3,
1982,13,Sun,December 5,boxscore,Los Angeles Raiders,,Seattle Seahawks,28,23,235,1,331,4,
1982,13,Sun,December 5,boxscore,San Diego Chargers,@,Cleveland Browns,30,13,382,2,398,2,
1982,13,Sun,December 5,boxscore,New York Giants,,Houston Oilers,17,14,401,1,268,0,
1982,13,Sun,December 5,boxscore,Chicago Bears,,New England Patriots,26,13,342,3,249,4,
1982,13,Sun,December 5,boxscore,Miami Dolphins,,Minnesota Vikings,22,14,301,1,182,4,
1982,13,Sun,December 5,boxscore,Pittsburgh Steelers,,Kansas City Chiefs,35,14,376,2,238,2,
1982,13,Sun,December 5,boxscore,Atlanta Falcons,@,Denver Broncos,34,27,342,2,350,4,
1982,13,Sun,December 5,boxscore,Green Bay Packers,,Buffalo Bills,33,21,301,3,336,5,
1982,13,Sun,December 5,boxscore,Cincinnati Bengals,@,Baltimore Colts,20,17,290,0,333,0,
1982,13,Sun,December 5,boxscore,St. Louis Cardinals,@,Philadelphia Eagles,23,20,360,2,245,2,
1982,13,Sun,December 5,boxscore,Dallas Cowboys,@,Washington Redskins,24,10,362,2,275,3,
1982,13,Mon,December 6,boxscore,New York Jets,@,Detroit Lions,28,13,437,3,274,5,
1982,14,Sat,December 11,boxscore,New York Giants,,Philadelphia Eagles,23,7,353,1,198,2,
1982,14,Sat,December 11,boxscore,San Diego Chargers,@,San Francisco 49ers,41,37,538,0,465,2,
1982,14,Sun,December 12,boxscore,Buffalo Bills,,Pittsburgh Steelers,13,0,339,2,94,4,
1982,14,Sun,December 12,boxscore,Los Angeles Raiders,@,Kansas City Chiefs,21,16,343,3,285,0,
1982,14,Sun,December 12,boxscore,New York Jets,,Tampa Bay Buccaneers,32,17,307,2,251,5,
1982,14,Sun,December 12,boxscore,Washington Redskins,@,St. Louis Cardinals,12,7,292,1,356,3,
1982,14,Sun,December 12,boxscore,Atlanta Falcons,,New Orleans Saints,35,0,329,4,91,6,
1982,14,Sun,December 12,boxscore,New England Patriots,,Miami Dolphins,3,0,212,1,235,2,
1982,14,Sun,December 12,boxscore,Detroit Lions,@,Green Bay Packers,30,10,296,4,200,5,
1982,14,Sun,December 12,boxscore,Denver Broncos,@,Los Angeles Rams,27,24,385,3,253,3,
1982,14,Sun,December 12,boxscore,Minnesota Vikings,,Baltimore Colts,13,10,345,1,198,2,
1982,14,Sun,December 12,boxscore,Cincinnati Bengals,,Cleveland Browns,23,10,256,1,210,4,
1982,14,Sun,December 12,boxscore,Seattle Seahawks,,Chicago Bears,20,14,290,0,310,2,
1982,14,Mon,December 13,boxscore,Dallas Cowboys,@,Houston Oilers,37,7,416,2,199,3,
1982,15,Sat,December 18,boxscore,Miami Dolphins,,New York Jets,20,19,304,3,274,2,
1982,15,Sat,December 18,boxscore,Los Angeles Raiders,,Los Angeles Rams,37,31,431,4,272,2,
1982,15,Sun,December 19,boxscore,Cleveland Browns,,Pittsburgh Steelers,10,9,224,2,222,5,
1982,15,Sun,December 19,boxscore,Philadelphia Eagles,,Houston Oilers,35,14,362,2,218,4,
1982,15,Sun,December 19,boxscore,Washington Redskins,,New York Giants,15,14,375,5,139,2,
1982,15,Sun,December 19,boxscore,New England Patriots,@,Seattle Seahawks,16,0,393,1,171,6,
1982,15,Sun,December 19,boxscore,Dallas Cowboys,,New Orleans Saints,21,7,316,5,301,4,
1982,15,Sun,December 19,boxscore,Minnesota Vikings,@,Detroit Lions,34,31,332,0,346,3,
1982,15,Sun,December 19,boxscore,Atlanta Falcons,@,San Francisco 49ers,17,7,391,2,219,2,
1982,15,Sun,December 19,boxscore,Tampa Bay Buccaneers,,Buffalo Bills,24,23,342,4,318,5,
1982,15,Sun,December 19,boxscore,St. Louis Cardinals,@,Chicago Bears,10,7,240,3,273,1,
1982,15,Sun,December 19,boxscore,Green Bay Packers,@,Baltimore Colts,20,20,362,2,295,1,
1982,15,Sun,December 19,boxscore,Kansas City Chiefs,@,Denver Broncos,37,16,270,1,220,4,
1982,15,Mon,December 20,boxscore,San Diego Chargers,,Cincinnati Bengals,50,34,661,3,441,1,
1982,16,Sun,December 26,boxscore,St. Louis Cardinals,,New York Giants,24,21,376,1,394,0,
1982,16,Sun,December 26,boxscore,New York Jets,@,Minnesota Vikings,42,14,324,1,484,3,
1982,16,Sun,December 26,boxscore,Philadelphia Eagles,@,Dallas Cowboys,24,20,236,4,245,4,
1982,16,Sun,December 26,boxscore,Cincinnati Bengals,,Seattle Seahawks,24,10,389,3,279,3,
1982,16,Sun,December 26,boxscore,San Francisco 49ers,@,Kansas City Chiefs,26,13,370,3,275,2,
1982,16,Sun,December 26,boxscore,Washington Redskins,@,New Orleans Saints,27,10,448,2,197,1,
1982,16,Sun,December 26,boxscore,Pittsburgh Steelers,,New England Patriots,37,14,494,2,331,1,
1982,16,Sun,December 26,boxscore,Green Bay Packers,@,Atlanta Falcons,38,7,411,3,335,1,
1982,16,Sun,December 26,boxscore,Chicago Bears,@,Los Angeles Rams,34,26,421,0,583,3,
1982,16,Sun,December 26,boxscore,Cleveland Browns,@,Houston Oilers,20,14,340,1,369,6,
1982,16,Sun,December 26,boxscore,San Diego Chargers,,Baltimore Colts,44,26,507,3,370,5,
1982,16,Sun,December 26,boxscore,Los Angeles Raiders,,Denver Broncos,27,10,312,4,345,6,
1982,16,Sun,December 26,boxscore,Tampa Bay Buccaneers,,Detroit Lions,23,21,377,2,210,2,
1982,16,Mon,December 27,boxscore,Miami Dolphins,,Buffalo Bills,27,10,242,3,301,4,
1982,17,Sun,January 2,boxscore,Detroit Lions,,Green Bay Packers,27,24,368,3,276,4,
1982,17,Sun,January 2,boxscore,Miami Dolphins,@,Baltimore Colts,34,7,371,2,273,5,
1982,17,Sun,January 2,boxscore,New York Giants,@,Philadelphia Eagles,26,24,304,4,201,2,
1982,17,Sun,January 2,boxscore,Kansas City Chiefs,,New York Jets,37,13,355,1,308,2,
1982,17,Sun,January 2,boxscore,Los Angeles Raiders,@,San Diego Chargers,41,34,354,1,438,2,
1982,17,Sun,January 2,boxscore,Los Angeles Rams,@,San Francisco 49ers,21,20,374,0,324,1,
1982,17,Sun,January 2,boxscore,Seattle Seahawks,,Denver Broncos,13,11,363,3,387,4,
1982,17,Sun,January 2,boxscore,Washington Redskins,,St. Louis Cardinals,28,0,253,0,196,5,
1982,17,Sun,January 2,boxscore,Pittsburgh Steelers,,Cleveland Browns,37,21,521,3,345,6,
1982,17,Sun,January 2,boxscore,Cincinnati Bengals,@,Houston Oilers,35,27,457,2,334,2,
1982,17,Sun,January 2,boxscore,Tampa Bay Buccaneers,,Chicago Bears,26,23,424,3,248,1,
1982,17,Sun,January 2,boxscore,New England Patriots,,Buffalo Bills,30,19,418,1,353,1,
1982,17,Sun,January 2,boxscore,New Orleans Saints,,Atlanta Falcons,35,6,462,3,248,2,
1982,17,Mon,January 3,boxscore,Minnesota Vikings,,Dallas Cowboys,31,27,381,3,364,2,
1982,,,Playoffs,,,,,,,,,,,
1982,WildCard,Sat,January 8,boxscore,Miami Dolphins,,New England Patriots,28,13,448,3,237,3,
1982,WildCard,Sat,January 8,boxscore,Washington Redskins,,Detroit Lions,31,7,366,0,364,5,
1982,WildCard,Sat,January 8,boxscore,Green Bay Packers,,St. Louis Cardinals,41,16,394,1,453,4,
1982,WildCard,Sat,January 8,boxscore,Los Angeles Raiders,,Cleveland Browns,27,10,510,2,284,1,
1982,WildCard,Sun,January 9,boxscore,Minnesota Vikings,,Atlanta Falcons,30,24,378,1,235,2,
1982,WildCard,Sun,January 9,boxscore,New York Jets,@,Cincinnati Bengals,44,17,517,2,395,4,
1982,WildCard,Sun,January 9,boxscore,San Diego Chargers,@,Pittsburgh Steelers,31,28,479,2,422,2,
1982,WildCard,Sun,January 9,boxscore,Dallas Cowboys,,Tampa Bay Buccaneers,30,17,456,3,218,3,
1982,Division,Sat,January 15,boxscore,New York Jets,@,Los Angeles Raiders,17,14,391,5,339,5,
1982,Division,Sat,January 15,boxscore,Washington Redskins,,Minnesota Vikings,21,7,415,1,317,0,
1982,Division,Sun,January 16,boxscore,Dallas Cowboys,,Green Bay Packers,37,26,375,2,466,5,
1982,Division,Sun,January 16,boxscore,Miami Dolphins,,San Diego Chargers,34,13,413,2,247,7,
1982,ConfChamp,Sat,January 22,boxscore,Washington Redskins,,Dallas Cowboys,31,17,260,0,340,3,
1982,ConfChamp,Sun,January 23,boxscore,Miami Dolphins,,New York Jets,14,0,198,4,139,5,
1982,SuperBowl,Sun,January 30,boxscore,Washington Redskins,N,Miami Dolphins,27,17,400,2,176,2,
