1989,Week,Day,Date,,Winner/tie,,Loser/tie,PtsW,PtsL,YdsW,TOW,YdsL,TOL,
1989,1,Sun,September 10,boxscore,Buffalo Bills,@,Miami Dolphins,27,24,367,2,323,4,
1989,1,Sun,September 10,boxscore,Tampa Bay Buccaneers,@,Green Bay Packers,23,21,347,0,321,3,
1989,1,Sun,September 10,boxscore,San Francisco 49ers,@,Indianapolis Colts,30,24,404,0,344,1,
1989,1,Sun,September 10,boxscore,Philadelphia Eagles,,Seattle Seahawks,31,7,365,0,270,3,
1989,1,Sun,September 10,boxscore,Los Angeles Raiders,,San Diego Chargers,40,14,418,1,305,1,
1989,1,Sun,September 10,boxscore,Los Angeles Rams,@,Atlanta Falcons,31,21,363,1,314,0,
1989,1,Sun,September 10,boxscore,Minnesota Vikings,,Houston Oilers,38,7,343,0,104,3,
1989,1,Sun,September 10,boxscore,Chicago Bears,,Cincinnati Bengals,17,14,365,3,330,0,
1989,1,Sun,September 10,boxscore,New England Patriots,@,New York Jets,27,24,427,3,304,1,
1989,1,Sun,September 10,boxscore,Denver Broncos,,Kansas City Chiefs,34,20,250,2,287,4,
1989,1,Sun,September 10,boxscore,New Orleans Saints,,Dallas Cowboys,28,0,344,1,174,2,
1989,1,Sun,September 10,boxscore,Phoenix Cardinals,@,Detroit Lions,16,13,329,1,258,1,
1989,1,Sun,September 10,boxscore,Cleveland Browns,@,Pittsburgh Steelers,51,0,357,0,53,8,
1989,1,Mon,September 11,boxscore,New York Giants,@,Washington Redskins,27,24,390,3,457,3,
1989,2,Sun,September 17,boxscore,Cincinnati Bengals,,Pittsburgh Steelers,41,10,520,1,274,0,
1989,2,Sun,September 17,boxscore,Philadelphia Eagles,@,Washington Redskins,42,37,474,3,492,6,
1989,2,Sun,September 17,boxscore,Houston Oilers,@,San Diego Chargers,34,27,367,0,413,5,
1989,2,Sun,September 17,boxscore,Cleveland Browns,,New York Jets,38,24,277,1,382,4,
1989,2,Sun,September 17,boxscore,Green Bay Packers,,New Orleans Saints,35,34,490,2,367,2,
1989,2,Sun,September 17,boxscore,Chicago Bears,,Minnesota Vikings,38,7,306,1,320,4,
1989,2,Sun,September 17,boxscore,Miami Dolphins,@,New England Patriots,24,10,329,4,325,1,
1989,2,Sun,September 17,boxscore,New York Giants,,Detroit Lions,24,14,345,1,410,5,
1989,2,Sun,September 17,boxscore,San Francisco 49ers,@,Tampa Bay Buccaneers,20,16,307,3,217,3,
1989,2,Sun,September 17,boxscore,Atlanta Falcons,,Dallas Cowboys,27,21,333,0,349,3,
1989,2,Sun,September 17,boxscore,Phoenix Cardinals,@,Seattle Seahawks,34,24,469,2,346,1,
1989,2,Sun,September 17,boxscore,Los Angeles Rams,,Indianapolis Colts,31,17,449,1,386,2,
1989,2,Sun,September 17,boxscore,Kansas City Chiefs,,Los Angeles Raiders,24,19,323,1,268,1,
1989,2,Mon,September 18,boxscore,Denver Broncos,@,Buffalo Bills,28,14,382,2,413,4,
1989,3,Sun,September 24,boxscore,Washington Redskins,@,Dallas Cowboys,30,7,373,1,190,4,
1989,3,Sun,September 24,boxscore,San Francisco 49ers,@,Philadelphia Eagles,38,28,444,3,315,3,
1989,3,Sun,September 24,boxscore,Seattle Seahawks,@,New England Patriots,24,3,316,0,219,3,
1989,3,Sun,September 24,boxscore,New York Jets,@,Miami Dolphins,40,33,411,2,524,2,
1989,3,Sun,September 24,boxscore,Tampa Bay Buccaneers,,New Orleans Saints,20,10,336,3,325,2,
1989,3,Sun,September 24,boxscore,Pittsburgh Steelers,,Minnesota Vikings,27,14,278,1,258,2,
1989,3,Sun,September 24,boxscore,San Diego Chargers,,Kansas City Chiefs,21,6,296,0,272,5,
1989,3,Sun,September 24,boxscore,Los Angeles Rams,,Green Bay Packers,41,38,440,2,442,5,
1989,3,Sun,September 24,boxscore,Indianapolis Colts,,Atlanta Falcons,13,9,214,1,208,3,
1989,3,Sun,September 24,boxscore,Buffalo Bills,@,Houston Oilers,47,41,449,1,439,2,
1989,3,Sun,September 24,boxscore,Chicago Bears,@,Detroit Lions,47,27,542,0,305,5,
1989,3,Sun,September 24,boxscore,Denver Broncos,,Los Angeles Raiders,31,21,283,3,360,6,
1989,3,Sun,September 24,boxscore,New York Giants,,Phoenix Cardinals,35,7,366,1,248,6,
1989,3,Mon,September 25,boxscore,Cincinnati Bengals,,Cleveland Browns,21,14,371,1,267,0,
1989,4,Sun,October 1,boxscore,Washington Redskins,@,New Orleans Saints,16,14,308,1,381,4,
1989,4,Sun,October 1,boxscore,Minnesota Vikings,,Tampa Bay Buccaneers,17,3,365,3,158,1,
1989,4,Sun,October 1,boxscore,Seattle Seahawks,@,Los Angeles Raiders,24,20,354,2,311,2,
1989,4,Sun,October 1,boxscore,San Diego Chargers,@,Phoenix Cardinals,24,13,268,0,301,4,
1989,4,Sun,October 1,boxscore,Los Angeles Rams,@,San Francisco 49ers,13,12,287,0,367,1,
1989,4,Sun,October 1,boxscore,Pittsburgh Steelers,@,Detroit Lions,23,3,315,0,240,4,
1989,4,Sun,October 1,boxscore,New York Giants,@,Dallas Cowboys,30,13,342,5,288,2,
1989,4,Sun,October 1,boxscore,Green Bay Packers,,Atlanta Falcons,23,21,448,2,333,1,
1989,4,Sun,October 1,boxscore,Buffalo Bills,,New England Patriots,31,10,371,1,279,1,
1989,4,Sun,October 1,boxscore,Houston Oilers,,Miami Dolphins,39,7,448,1,160,3,
1989,4,Sun,October 1,boxscore,Cleveland Browns,,Denver Broncos,16,13,296,1,241,3,
1989,4,Sun,October 1,boxscore,Indianapolis Colts,@,New York Jets,17,10,316,2,245,2,
1989,4,Sun,October 1,boxscore,Cincinnati Bengals,@,Kansas City Chiefs,21,17,277,3,292,6,
1989,4,Mon,October 2,boxscore,Chicago Bears,,Philadelphia Eagles,27,13,374,3,435,6,
1989,5,Sun,October 8,boxscore,San Francisco 49ers,@,New Orleans Saints,24,20,358,1,334,0,
1989,5,Sun,October 8,boxscore,Denver Broncos,,San Diego Chargers,16,10,335,1,211,2,
1989,5,Sun,October 8,boxscore,New England Patriots,,Houston Oilers,23,13,282,1,307,4,
1989,5,Sun,October 8,boxscore,Philadelphia Eagles,,New York Giants,21,19,243,0,323,1,
1989,5,Sun,October 8,boxscore,Kansas City Chiefs,@,Seattle Seahawks,20,16,303,1,288,2,
1989,5,Sun,October 8,boxscore,Minnesota Vikings,,Detroit Lions,24,17,229,3,237,4,
1989,5,Sun,October 8,boxscore,Green Bay Packers,,Dallas Cowboys,31,13,502,1,213,2,
1989,5,Sun,October 8,boxscore,Washington Redskins,,Phoenix Cardinals,30,28,508,1,381,4,
1989,5,Sun,October 8,boxscore,Los Angeles Rams,,Atlanta Falcons,26,14,438,1,353,1,
1989,5,Sun,October 8,boxscore,Indianapolis Colts,,Buffalo Bills,37,14,330,1,424,6,
1989,5,Sun,October 8,boxscore,Tampa Bay Buccaneers,,Chicago Bears,42,35,415,2,350,3,
1989,5,Sun,October 8,boxscore,Cincinnati Bengals,@,Pittsburgh Steelers,26,16,382,1,340,1,
1989,5,Sun,October 8,boxscore,Miami Dolphins,,Cleveland Browns,13,10,304,1,330,2,
1989,5,Mon,October 9,boxscore,Los Angeles Raiders,@,New York Jets,14,7,315,1,392,2,
1989,6,Sun,October 15,boxscore,New York Giants,,Washington Redskins,20,17,306,1,316,2,
1989,6,Sun,October 15,boxscore,San Francisco 49ers,@,Dallas Cowboys,31,14,318,1,330,3,
1989,6,Sun,October 15,boxscore,Seattle Seahawks,@,San Diego Chargers,17,16,224,3,362,4,
1989,6,Sun,October 15,boxscore,Pittsburgh Steelers,@,Cleveland Browns,17,7,231,2,260,7,
1989,6,Sun,October 15,boxscore,Philadelphia Eagles,@,Phoenix Cardinals,17,5,353,4,337,8,
1989,6,Sun,October 15,boxscore,Houston Oilers,@,Chicago Bears,33,28,457,2,332,6,
1989,6,Sun,October 15,boxscore,New Orleans Saints,,New York Jets,29,14,418,4,251,4,
1989,6,Sun,October 15,boxscore,Atlanta Falcons,,New England Patriots,16,15,312,2,241,4,
1989,6,Sun,October 15,boxscore,Denver Broncos,,Indianapolis Colts,14,3,319,2,128,1,
1989,6,Sun,October 15,boxscore,Detroit Lions,@,Tampa Bay Buccaneers,17,16,376,4,191,1,
1989,6,Sun,October 15,boxscore,Minnesota Vikings,,Green Bay Packers,26,14,398,2,219,3,
1989,6,Sun,October 15,boxscore,Los Angeles Raiders,,Kansas City Chiefs,20,14,246,2,305,4,
1989,6,Sun,October 15,boxscore,Miami Dolphins,@,Cincinnati Bengals,20,13,373,1,314,0,
1989,6,Mon,October 16,boxscore,Buffalo Bills,,Los Angeles Rams,23,20,348,4,266,2,
1989,7,Sun,October 22,boxscore,San Francisco 49ers,,New England Patriots,37,20,494,0,325,2,
1989,7,Sun,October 22,boxscore,New York Giants,@,San Diego Chargers,20,13,327,2,179,1,
1989,7,Sun,October 22,boxscore,Buffalo Bills,,New York Jets,34,3,343,0,154,3,
1989,7,Sun,October 22,boxscore,Houston Oilers,,Pittsburgh Steelers,27,0,361,1,132,4,
1989,7,Sun,October 22,boxscore,Philadelphia Eagles,,Los Angeles Raiders,10,7,195,0,268,2,
1989,7,Sun,October 22,boxscore,Washington Redskins,,Tampa Bay Buccaneers,32,28,388,2,297,2,
1989,7,Sun,October 22,boxscore,New Orleans Saints,@,Los Angeles Rams,40,21,373,1,313,3,
1989,7,Sun,October 22,boxscore,Minnesota Vikings,@,Detroit Lions,20,7,264,1,282,5,
1989,7,Sun,October 22,boxscore,Miami Dolphins,,Green Bay Packers,23,20,438,3,296,0,
1989,7,Sun,October 22,boxscore,Denver Broncos,@,Seattle Seahawks,24,21,371,1,363,4,
1989,7,Sun,October 22,boxscore,Kansas City Chiefs,,Dallas Cowboys,36,28,423,0,282,1,
1989,7,Sun,October 22,boxscore,Indianapolis Colts,@,Cincinnati Bengals,23,12,336,3,218,3,
1989,7,Sun,October 22,boxscore,Phoenix Cardinals,,Atlanta Falcons,34,20,299,1,351,2,
1989,7,Mon,October 23,boxscore,Cleveland Browns,,Chicago Bears,27,7,326,0,301,1,
1989,8,Sun,October 29,boxscore,Philadelphia Eagles,@,Denver Broncos,28,24,313,2,320,6,
1989,8,Sun,October 29,boxscore,Chicago Bears,,Los Angeles Rams,20,10,318,0,252,3,
1989,8,Sun,October 29,boxscore,Seattle Seahawks,,San Diego Chargers,10,7,339,2,195,1,
1989,8,Sun,October 29,boxscore,San Francisco 49ers,@,New York Jets,23,10,399,1,251,2,
1989,8,Sun,October 29,boxscore,Cincinnati Bengals,,Tampa Bay Buccaneers,56,23,482,2,475,4,
1989,8,Sun,October 29,boxscore,Los Angeles Raiders,,Washington Redskins,37,24,342,4,441,8,
1989,8,Sun,October 29,boxscore,Cleveland Browns,,Houston Oilers,28,17,383,2,299,0,
1989,8,Sun,October 29,boxscore,New England Patriots,@,Indianapolis Colts,23,20,448,2,357,2,
1989,8,Sun,October 29,boxscore,New Orleans Saints,,Atlanta Falcons,20,13,392,2,148,3,
1989,8,Sun,October 29,boxscore,Phoenix Cardinals,@,Dallas Cowboys,19,10,300,0,309,3,
1989,8,Sun,October 29,boxscore,Green Bay Packers,,Detroit Lions,23,20,421,2,402,2,
1989,8,Sun,October 29,boxscore,Pittsburgh Steelers,,Kansas City Chiefs,23,17,312,1,438,2,
1989,8,Sun,October 29,boxscore,Buffalo Bills,,Miami Dolphins,31,17,394,1,413,3,
1989,8,Mon,October 30,boxscore,New York Giants,,Minnesota Vikings,24,14,174,0,250,4,
1989,9,Sun,November 5,boxscore,Kansas City Chiefs,,Seattle Seahawks,20,10,315,2,129,4,
1989,9,Sun,November 5,boxscore,Minnesota Vikings,,Los Angeles Rams,23,21,376,1,304,2,
1989,9,Sun,November 5,boxscore,Denver Broncos,,Pittsburgh Steelers,34,7,414,2,170,1,
1989,9,Sun,November 5,boxscore,San Diego Chargers,,Philadelphia Eagles,20,17,358,3,373,3,
1989,9,Sun,November 5,boxscore,New York Jets,@,New England Patriots,27,26,486,0,453,1,
1989,9,Sun,November 5,boxscore,New York Giants,@,Phoenix Cardinals,20,13,384,2,186,1,
1989,9,Sun,November 5,boxscore,Houston Oilers,,Detroit Lions,35,31,455,4,351,2,
1989,9,Sun,November 5,boxscore,Green Bay Packers,,Chicago Bears,14,13,339,2,321,0,
1989,9,Sun,November 5,boxscore,Dallas Cowboys,@,Washington Redskins,13,3,262,0,346,2,
1989,9,Sun,November 5,boxscore,Miami Dolphins,,Indianapolis Colts,19,13,308,3,299,2,
1989,9,Sun,November 5,boxscore,Cleveland Browns,@,Tampa Bay Buccaneers,42,31,271,0,398,4,
1989,9,Sun,November 5,boxscore,Los Angeles Raiders,,Cincinnati Bengals,28,7,429,1,350,3,
1989,9,Sun,November 5,boxscore,Atlanta Falcons,,Buffalo Bills,30,28,340,0,329,2,
1989,9,Mon,November 6,boxscore,San Francisco 49ers,,New Orleans Saints,31,13,397,0,243,2,
1989,10,Sun,November 12,boxscore,Miami Dolphins,@,New York Jets,31,23,447,3,410,3,
1989,10,Sun,November 12,boxscore,Minnesota Vikings,@,Tampa Bay Buccaneers,24,10,303,1,201,2,
1989,10,Sun,November 12,boxscore,New Orleans Saints,@,New England Patriots,28,24,211,1,354,4,
1989,10,Sun,November 12,boxscore,Los Angeles Rams,,New York Giants,31,10,445,2,207,2,
1989,10,Sun,November 12,boxscore,San Diego Chargers,,Los Angeles Raiders,14,12,202,2,295,3,
1989,10,Sun,November 12,boxscore,Washington Redskins,@,Philadelphia Eagles,10,3,254,1,204,2,
1989,10,Sun,November 12,boxscore,Detroit Lions,,Green Bay Packers,31,22,128,2,432,4,
1989,10,Sun,November 12,boxscore,Denver Broncos,@,Kansas City Chiefs,16,13,213,1,312,2,
1989,10,Sun,November 12,boxscore,San Francisco 49ers,,Atlanta Falcons,45,3,515,2,192,1,
1989,10,Sun,November 12,boxscore,Chicago Bears,@,Pittsburgh Steelers,20,0,337,4,216,6,
1989,10,Sun,November 12,boxscore,Cleveland Browns,@,Seattle Seahawks,17,7,277,0,180,3,
1989,10,Sun,November 12,boxscore,Buffalo Bills,,Indianapolis Colts,30,7,393,0,189,3,
1989,10,Sun,November 12,boxscore,Phoenix Cardinals,,Dallas Cowboys,24,20,385,0,444,4,
1989,10,Mon,November 13,boxscore,Houston Oilers,,Cincinnati Bengals,26,24,311,1,337,1,
1989,11,Sun,November 19,boxscore,New Orleans Saints,@,Atlanta Falcons,26,17,354,4,267,1,
1989,11,Sun,November 19,boxscore,Indianapolis Colts,,New York Jets,27,10,424,0,354,3,
1989,11,Sun,November 19,boxscore,Houston Oilers,,Los Angeles Raiders,23,7,419,2,243,5,
1989,11,Sun,November 19,boxscore,Pittsburgh Steelers,,San Diego Chargers,20,17,191,1,359,3,
1989,11,Sun,November 19,boxscore,New York Giants,,Seattle Seahawks,15,3,349,1,195,2,
1989,11,Sun,November 19,boxscore,Tampa Bay Buccaneers,@,Chicago Bears,32,31,390,0,377,4,
1989,11,Sun,November 19,boxscore,Philadelphia Eagles,,Minnesota Vikings,10,9,270,1,219,5,
1989,11,Sun,November 19,boxscore,Miami Dolphins,@,Dallas Cowboys,17,14,303,1,428,2,
1989,11,Sun,November 19,boxscore,New England Patriots,,Buffalo Bills,33,24,359,4,424,6,
1989,11,Sun,November 19,boxscore,Los Angeles Rams,,Phoenix Cardinals,37,14,436,1,292,4,
1989,11,Sun,November 19,boxscore,Cincinnati Bengals,,Detroit Lions,42,7,546,3,278,5,
1989,11,Sun,November 19,boxscore,Green Bay Packers,@,San Francisco 49ers,21,17,248,1,360,4,
1989,11,Sun,November 19,boxscore,Kansas City Chiefs,@,Cleveland Browns,10,10,307,3,261,5,
1989,11,Mon,November 20,boxscore,Denver Broncos,@,Washington Redskins,14,10,232,2,223,2,
1989,12,Thu,November 23,boxscore,Philadelphia Eagles,@,Dallas Cowboys,27,0,381,1,191,5,
1989,12,Thu,November 23,boxscore,Detroit Lions,,Cleveland Browns,13,10,271,1,359,2,
1989,12,Sun,November 26,boxscore,Pittsburgh Steelers,@,Miami Dolphins,34,14,292,0,302,5,
1989,12,Sun,November 26,boxscore,Los Angeles Rams,@,New Orleans Saints,20,17,472,3,301,2,
1989,12,Sun,November 26,boxscore,Indianapolis Colts,,San Diego Chargers,10,6,264,2,314,1,
1989,12,Sun,November 26,boxscore,Denver Broncos,,Seattle Seahawks,41,14,353,0,325,4,
1989,12,Sun,November 26,boxscore,Kansas City Chiefs,,Houston Oilers,34,0,313,1,215,1,
1989,12,Sun,November 26,boxscore,Tampa Bay Buccaneers,@,Phoenix Cardinals,14,13,260,2,237,2,
1989,12,Sun,November 26,boxscore,New York Jets,,Atlanta Falcons,27,7,318,2,213,1,
1989,12,Sun,November 26,boxscore,Washington Redskins,,Chicago Bears,38,14,492,2,191,3,
1989,12,Sun,November 26,boxscore,Buffalo Bills,,Cincinnati Bengals,24,7,345,2,298,3,
1989,12,Sun,November 26,boxscore,Green Bay Packers,,Minnesota Vikings,20,19,332,1,377,2,
1989,12,Sun,November 26,boxscore,Los Angeles Raiders,,New England Patriots,24,21,268,0,224,3,
1989,12,Mon,November 27,boxscore,San Francisco 49ers,,New York Giants,34,24,381,3,342,5,
1989,13,Sun,December 3,boxscore,New York Jets,@,San Diego Chargers,20,17,249,4,258,2,
1989,13,Sun,December 3,boxscore,Houston Oilers,@,Pittsburgh Steelers,23,16,284,3,212,1,
1989,13,Sun,December 3,boxscore,Philadelphia Eagles,@,New York Giants,24,17,279,2,294,5,
1989,13,Sun,December 3,boxscore,Los Angeles Rams,@,Dallas Cowboys,35,31,403,3,303,4,
1989,13,Sun,December 3,boxscore,San Francisco 49ers,@,Atlanta Falcons,23,10,425,1,263,2,
1989,13,Sun,December 3,boxscore,Washington Redskins,@,Phoenix Cardinals,29,10,303,1,263,3,
1989,13,Sun,December 3,boxscore,Detroit Lions,,New Orleans Saints,21,14,401,2,169,2,
1989,13,Sun,December 3,boxscore,Kansas City Chiefs,,Miami Dolphins,26,21,438,3,291,3,
1989,13,Sun,December 3,boxscore,Green Bay Packers,@,Tampa Bay Buccaneers,17,16,376,3,258,5,
1989,13,Sun,December 3,boxscore,Los Angeles Raiders,,Denver Broncos,16,13,257,1,332,2,
1989,13,Sun,December 3,boxscore,New England Patriots,,Indianapolis Colts,22,16,426,2,295,3,
1989,13,Sun,December 3,boxscore,Cincinnati Bengals,@,Cleveland Browns,21,0,298,3,264,3,
1989,13,Sun,December 3,boxscore,Minnesota Vikings,,Chicago Bears,27,16,387,2,315,2,
1989,13,Mon,December 4,boxscore,Seattle Seahawks,,Buffalo Bills,17,16,355,2,232,2,
1989,14,Sun,December 10,boxscore,Houston Oilers,,Tampa Bay Buccaneers,20,17,284,2,353,2,
1989,14,Sun,December 10,boxscore,Seattle Seahawks,@,Cincinnati Bengals,24,17,361,1,365,1,
1989,14,Sun,December 10,boxscore,Washington Redskins,,San Diego Chargers,26,21,389,1,427,1,
1989,14,Sun,December 10,boxscore,Pittsburgh Steelers,@,New York Jets,13,0,317,1,313,3,
1989,14,Sun,December 10,boxscore,New York Giants,@,Denver Broncos,14,7,261,0,367,0,
1989,14,Sun,December 10,boxscore,Miami Dolphins,,New England Patriots,31,10,408,1,297,2,
1989,14,Sun,December 10,boxscore,New Orleans Saints,@,Buffalo Bills,22,19,436,2,279,4,
1989,14,Sun,December 10,boxscore,Kansas City Chiefs,@,Green Bay Packers,21,3,381,3,208,2,
1989,14,Sun,December 10,boxscore,Detroit Lions,@,Chicago Bears,27,17,295,2,302,2,
1989,14,Sun,December 10,boxscore,Philadelphia Eagles,,Dallas Cowboys,20,10,280,0,194,1,
1989,14,Sun,December 10,boxscore,Los Angeles Raiders,,Phoenix Cardinals,16,14,384,1,248,2,
1989,14,Sun,December 10,boxscore,Indianapolis Colts,,Cleveland Browns,23,17,396,1,470,4,
1989,14,Sun,December 10,boxscore,Minnesota Vikings,,Atlanta Falcons,43,17,457,1,255,3,
1989,14,Mon,December 11,boxscore,San Francisco 49ers,@,Los Angeles Rams,30,27,502,2,337,2,
1989,15,Sat,December 16,boxscore,New York Giants,,Dallas Cowboys,15,0,273,0,108,1,
1989,15,Sat,December 16,boxscore,Denver Broncos,@,Phoenix Cardinals,37,0,475,2,101,3,
1989,15,Sun,December 17,boxscore,Seattle Seahawks,,Los Angeles Raiders,23,17,350,0,273,1,
1989,15,Sun,December 17,boxscore,San Diego Chargers,@,Kansas City Chiefs,20,13,376,4,214,3,
1989,15,Sun,December 17,boxscore,Detroit Lions,,Tampa Bay Buccaneers,33,7,382,2,225,5,
1989,15,Sun,December 17,boxscore,Washington Redskins,@,Atlanta Falcons,31,30,507,3,374,2,
1989,15,Sun,December 17,boxscore,Cincinnati Bengals,,Houston Oilers,61,7,584,2,194,5,
1989,15,Sun,December 17,boxscore,Los Angeles Rams,,New York Jets,38,14,422,1,291,4,
1989,15,Sun,December 17,boxscore,Pittsburgh Steelers,,New England Patriots,28,10,347,1,403,3,
1989,15,Sun,December 17,boxscore,Cleveland Browns,,Minnesota Vikings,23,17,320,2,316,1,
1989,15,Sun,December 17,boxscore,Indianapolis Colts,,Miami Dolphins,42,13,305,1,242,3,
1989,15,Sun,December 17,boxscore,Green Bay Packers,@,Chicago Bears,40,28,456,1,355,5,
1989,15,Sun,December 17,boxscore,San Francisco 49ers,,Buffalo Bills,21,10,283,2,301,5,
1989,15,Mon,December 18,boxscore,New Orleans Saints,,Philadelphia Eagles,30,20,291,1,408,4,
1989,16,Sat,December 23,boxscore,Cleveland Browns,@,Houston Oilers,24,20,324,1,483,2,
1989,16,Sat,December 23,boxscore,Washington Redskins,@,Seattle Seahawks,29,0,456,1,201,4,
1989,16,Sat,December 23,boxscore,Buffalo Bills,@,New York Jets,37,0,441,1,200,2,
1989,16,Sun,December 24,boxscore,Los Angeles Rams,@,New England Patriots,24,20,415,2,394,3,
1989,16,Sun,December 24,boxscore,New York Giants,,Los Angeles Raiders,34,17,280,1,312,3,
1989,16,Sun,December 24,boxscore,Pittsburgh Steelers,@,Tampa Bay Buccaneers,31,22,316,3,321,1,
1989,16,Sun,December 24,boxscore,Kansas City Chiefs,@,Miami Dolphins,27,24,342,1,381,1,
1989,16,Sun,December 24,boxscore,Green Bay Packers,@,Dallas Cowboys,20,10,250,1,229,5,
1989,16,Sun,December 24,boxscore,Detroit Lions,@,Atlanta Falcons,31,24,376,2,413,1,
1989,16,Sun,December 24,boxscore,San Diego Chargers,,Denver Broncos,19,16,387,6,206,3,
1989,16,Sun,December 24,boxscore,Philadelphia Eagles,,Phoenix Cardinals,31,14,432,1,265,3,
1989,16,Sun,December 24,boxscore,New Orleans Saints,,Indianapolis Colts,41,6,389,1,230,2,
1989,16,Sun,December 24,boxscore,San Francisco 49ers,,Chicago Bears,26,0,314,1,289,5,
1989,16,Mon,December 25,boxscore,Minnesota Vikings,,Cincinnati Bengals,29,21,393,1,429,5,
1989,,,Playoffs,,,,,,,,,,,
1989,WildCard,Sun,December 31,boxscore,Los Angeles Rams,@,Philadelphia Eagles,21,7,409,3,306,3,
1989,WildCard,Sun,December 31,boxscore,Pittsburgh Steelers,@,Houston Oilers,26,23,289,1,380,2,
1989,Division,Sat,January 6,boxscore,San Francisco 49ers,,Minnesota Vikings,41,13,403,1,385,5,
1989,Division,Sat,January 6,boxscore,Cleveland Browns,,Buffalo Bills,34,30,325,1,453,3,
1989,Division,Sun,January 7,boxscore,Denver Broncos,,Pittsburgh Steelers,24,23,364,1,404,2,
1989,Division,Sun,January 7,boxscore,Los Angeles Rams,@,New York Giants,19,13,448,2,344,1,
1989,ConfChamp,Sun,January 14,boxscore,Denver Broncos,,Cleveland Browns,37,21,497,2,256,3,
1989,ConfChamp,Sun,January 14,boxscore,San Francisco 49ers,,Los Angeles Rams,30,3,442,2,156,3,
1989,SuperBowl,Sun,January 28,boxscore,San Francisco 49ers,N,Denver Broncos,55,10,461,0,167,4,
