2002,Week,Day,Date,,Winner/tie,,Loser/tie,PtsW,PtsL,YdsW,TOW,YdsL,TOL,
2002,1,Thu,September 5,boxscore,San Francisco 49ers,@,New York Giants,16,13,279,1,361,3,
2002,1,Sun,September 8,boxscore,Green Bay Packers,,Atlanta Falcons,37,34,484,1,374,1,
2002,1,Sun,September 8,boxscore,Oakland Raiders,,Seattle Seahawks,31,17,423,2,186,0,
2002,1,Sun,September 8,boxscore,San Diego Chargers,@,Cincinnati Bengals,34,6,401,0,203,1,
2002,1,Sun,September 8,boxscore,Carolina Panthers,,Baltimore Ravens,10,7,265,0,289,1,
2002,1,Sun,September 8,boxscore,Denver Broncos,,St. Louis Rams,23,16,291,2,327,2,
2002,1,Sun,September 8,boxscore,Tennessee Titans,,Philadelphia Eagles,27,24,328,4,261,3,
2002,1,Sun,September 8,boxscore,New York Jets,@,Buffalo Bills,37,31,266,1,384,3,
2002,1,Sun,September 8,boxscore,New Orleans Saints,@,Tampa Bay Buccaneers,26,20,368,1,333,1,
2002,1,Sun,September 8,boxscore,Indianapolis Colts,@,Jacksonville Jaguars,28,25,307,2,343,2,
2002,1,Sun,September 8,boxscore,Washington Redskins,,Arizona Cardinals,31,23,442,1,257,1,
2002,1,Sun,September 8,boxscore,Houston Texans,,Dallas Cowboys,19,10,210,1,267,2,
2002,1,Sun,September 8,boxscore,Miami Dolphins,,Detroit Lions,49,21,389,0,257,2,
2002,1,Sun,September 8,boxscore,Kansas City Chiefs,@,Cleveland Browns,40,39,470,1,411,1,
2002,1,Sun,September 8,boxscore,Chicago Bears,,Minnesota Vikings,27,23,368,2,368,3,
2002,1,Mon,September 9,boxscore,New England Patriots,,Pittsburgh Steelers,30,14,343,1,283,5,
2002,2,Sun,September 15,boxscore,Miami Dolphins,@,Indianapolis Colts,21,13,342,1,432,3,
2002,2,Sun,September 15,boxscore,New England Patriots,@,New York Jets,44,7,432,2,200,2,
2002,2,Sun,September 15,boxscore,New York Giants,@,St. Louis Rams,26,21,394,1,352,4,
2002,2,Sun,September 15,boxscore,Dallas Cowboys,,Tennessee Titans,21,13,297,0,333,1,
2002,2,Sun,September 15,boxscore,Oakland Raiders,@,Pittsburgh Steelers,30,17,464,2,273,5,
2002,2,Sun,September 15,boxscore,Tampa Bay Buccaneers,@,Baltimore Ravens,25,0,279,0,173,1,
2002,2,Sun,September 15,boxscore,Jacksonville Jaguars,@,Kansas City Chiefs,23,16,450,1,336,2,
2002,2,Sun,September 15,boxscore,San Diego Chargers,,Houston Texans,24,3,267,1,118,3,
2002,2,Sun,September 15,boxscore,New Orleans Saints,,Green Bay Packers,35,20,357,2,357,4,
2002,2,Sun,September 15,boxscore,Buffalo Bills,@,Minnesota Vikings,45,39,468,0,449,3,
2002,2,Sun,September 15,boxscore,Chicago Bears,@,Atlanta Falcons,14,13,242,2,257,3,
2002,2,Sun,September 15,boxscore,Cleveland Browns,,Cincinnati Bengals,20,7,265,0,357,3,
2002,2,Sun,September 15,boxscore,Arizona Cardinals,@,Seattle Seahawks,24,13,347,1,426,1,
2002,2,Sun,September 15,boxscore,Denver Broncos,@,San Francisco 49ers,24,14,299,1,261,2,
2002,2,Sun,September 15,boxscore,Carolina Panthers,,Detroit Lions,31,7,385,0,122,3,
2002,2,Mon,September 16,boxscore,Philadelphia Eagles,@,Washington Redskins,37,7,451,0,179,3,
2002,3,Sun,September 22,boxscore,New Orleans Saints,@,Chicago Bears,29,23,302,3,353,2,
2002,3,Sun,September 22,boxscore,Miami Dolphins,,New York Jets,30,3,394,0,189,4,
2002,3,Sun,September 22,boxscore,San Diego Chargers,@,Arizona Cardinals,23,15,289,1,297,3,
2002,3,Sun,September 22,boxscore,New York Giants,,Seattle Seahawks,9,6,351,0,145,1,
2002,3,Sun,September 22,boxscore,San Francisco 49ers,,Washington Redskins,20,10,366,1,217,3,
2002,3,Sun,September 22,boxscore,New England Patriots,,Kansas City Chiefs,41,38,496,1,349,3,
2002,3,Sun,September 22,boxscore,Green Bay Packers,@,Detroit Lions,37,31,442,3,271,5,
2002,3,Sun,September 22,boxscore,Philadelphia Eagles,,Dallas Cowboys,44,13,447,2,304,4,
2002,3,Sun,September 22,boxscore,Denver Broncos,,Buffalo Bills,28,23,342,0,291,1,
2002,3,Sun,September 22,boxscore,Carolina Panthers,@,Minnesota Vikings,21,14,370,2,250,5,
2002,3,Sun,September 22,boxscore,Atlanta Falcons,,Cincinnati Bengals,30,3,306,0,191,2,
2002,3,Sun,September 22,boxscore,Cleveland Browns,@,Tennessee Titans,31,28,403,4,187,0,
2002,3,Sun,September 22,boxscore,Indianapolis Colts,@,Houston Texans,23,3,339,2,204,2,
2002,3,Mon,September 23,boxscore,Tampa Bay Buccaneers,,St. Louis Rams,26,14,252,1,358,4,
2002,4,Sun,September 29,boxscore,Jacksonville Jaguars,,New York Jets,28,3,383,0,345,4,
2002,4,Sun,September 29,boxscore,Detroit Lions,,New Orleans Saints,26,21,352,0,357,3,
2002,4,Sun,September 29,boxscore,San Diego Chargers,,New England Patriots,21,14,342,1,440,3,
2002,4,Sun,September 29,boxscore,Arizona Cardinals,,New York Giants,21,7,263,1,263,3,
2002,4,Sun,September 29,boxscore,Oakland Raiders,,Tennessee Titans,52,25,464,1,430,4,
2002,4,Sun,September 29,boxscore,Tampa Bay Buccaneers,@,Cincinnati Bengals,35,7,363,3,168,2,
2002,4,Sun,September 29,boxscore,Seattle Seahawks,,Minnesota Vikings,48,23,381,1,443,4,
2002,4,Sun,September 29,boxscore,Kansas City Chiefs,,Miami Dolphins,48,30,450,0,399,5,
2002,4,Sun,September 29,boxscore,Philadelphia Eagles,,Houston Texans,35,17,391,3,242,3,
2002,4,Sun,September 29,boxscore,Dallas Cowboys,@,St. Louis Rams,13,10,315,2,366,3,
2002,4,Sun,September 29,boxscore,Pittsburgh Steelers,,Cleveland Browns,16,13,358,2,245,2,
2002,4,Sun,September 29,boxscore,Buffalo Bills,,Chicago Bears,33,27,410,1,240,0,
2002,4,Sun,September 29,boxscore,Green Bay Packers,,Carolina Panthers,17,14,298,1,332,3,
2002,4,Mon,September 30,boxscore,Baltimore Ravens,,Denver Broncos,34,23,230,2,403,3,
2002,5,Sun,October 6,boxscore,Tampa Bay Buccaneers,@,Atlanta Falcons,20,6,327,2,243,4,
2002,5,Sun,October 6,boxscore,Jacksonville Jaguars,,Philadelphia Eagles,28,25,267,0,406,0,
2002,5,Sun,October 6,boxscore,Baltimore Ravens,@,Cleveland Browns,26,21,409,1,433,5,
2002,5,Sun,October 6,boxscore,Oakland Raiders,@,Buffalo Bills,49,31,495,0,479,3,
2002,5,Sun,October 6,boxscore,New Orleans Saints,,Pittsburgh Steelers,32,29,315,0,364,2,
2002,5,Sun,October 6,boxscore,New York Giants,@,Dallas Cowboys,21,17,316,2,340,0,
2002,5,Sun,October 6,boxscore,Miami Dolphins,,New England Patriots,26,13,319,1,245,3,
2002,5,Sun,October 6,boxscore,Kansas City Chiefs,@,New York Jets,29,25,504,1,359,1,
2002,5,Sun,October 6,boxscore,Denver Broncos,,San Diego Chargers,26,9,417,1,314,3,
2002,5,Sun,October 6,boxscore,Arizona Cardinals,@,Carolina Panthers,16,13,312,1,244,4,
2002,5,Sun,October 6,boxscore,Indianapolis Colts,,Cincinnati Bengals,28,21,311,1,410,4,
2002,5,Sun,October 6,boxscore,Washington Redskins,@,Tennessee Titans,31,14,442,0,289,4,
2002,5,Sun,October 6,boxscore,San Francisco 49ers,,St. Louis Rams,37,13,386,0,313,2,
2002,5,Mon,October 7,boxscore,Green Bay Packers,@,Chicago Bears,34,21,457,1,380,4,
2002,6,Sun,October 13,boxscore,Indianapolis Colts,,Baltimore Ravens,22,20,317,1,244,3,
2002,6,Sun,October 13,boxscore,St. Louis Rams,,Oakland Raiders,28,13,322,1,367,3,
2002,6,Sun,October 13,boxscore,Tennessee Titans,,Jacksonville Jaguars,23,14,370,1,198,2,
2002,6,Sun,October 13,boxscore,Minnesota Vikings,,Detroit Lions,31,24,402,1,354,1,
2002,6,Sun,October 13,boxscore,Atlanta Falcons,@,New York Giants,17,10,313,0,303,2,
2002,6,Sun,October 13,boxscore,New Orleans Saints,@,Washington Redskins,43,27,311,1,318,5,
2002,6,Sun,October 13,boxscore,Green Bay Packers,@,New England Patriots,28,10,301,0,289,4,
2002,6,Sun,October 13,boxscore,Pittsburgh Steelers,@,Cincinnati Bengals,34,7,408,2,268,4,
2002,6,Sun,October 13,boxscore,Tampa Bay Buccaneers,,Cleveland Browns,17,3,380,1,194,1,
2002,6,Sun,October 13,boxscore,Miami Dolphins,@,Denver Broncos,24,22,259,2,410,3,
2002,6,Sun,October 13,boxscore,San Diego Chargers,,Kansas City Chiefs,35,34,465,5,319,2,
2002,6,Sun,October 13,boxscore,Dallas Cowboys,,Carolina Panthers,14,13,311,2,308,0,
2002,6,Sun,October 13,boxscore,Buffalo Bills,@,Houston Texans,31,24,403,1,338,0,
2002,6,Mon,October 14,boxscore,San Francisco 49ers,@,Seattle Seahawks,28,21,351,0,334,2,
2002,7,Sun,October 20,boxscore,San Diego Chargers,@,Oakland Raiders,27,21,333,0,390,1,
2002,7,Sun,October 20,boxscore,New York Jets,,Minnesota Vikings,20,7,407,0,389,4,
2002,7,Sun,October 20,boxscore,Philadelphia Eagles,,Tampa Bay Buccaneers,20,10,269,2,207,2,
2002,7,Sun,October 20,boxscore,Atlanta Falcons,,Carolina Panthers,30,0,393,0,205,1,
2002,7,Sun,October 20,boxscore,Baltimore Ravens,,Jacksonville Jaguars,17,10,261,2,397,3,
2002,7,Sun,October 20,boxscore,Arizona Cardinals,,Dallas Cowboys,9,6,380,1,342,4,
2002,7,Sun,October 20,boxscore,Detroit Lions,,Chicago Bears,23,20,362,1,224,3,
2002,7,Sun,October 20,boxscore,Cleveland Browns,,Houston Texans,34,17,230,0,354,2,
2002,7,Sun,October 20,boxscore,Denver Broncos,@,Kansas City Chiefs,37,34,507,1,305,0,
2002,7,Sun,October 20,boxscore,St. Louis Rams,,Seattle Seahawks,37,20,478,2,290,3,
2002,7,Sun,October 20,boxscore,New Orleans Saints,,San Francisco 49ers,35,27,422,1,418,2,
2002,7,Sun,October 20,boxscore,Buffalo Bills,@,Miami Dolphins,23,10,294,0,287,6,
2002,7,Sun,October 20,boxscore,Green Bay Packers,,Washington Redskins,30,9,243,1,238,4,
2002,7,Mon,October 21,boxscore,Pittsburgh Steelers,,Indianapolis Colts,28,10,364,1,367,3,
2002,8,Sun,October 27,boxscore,Pittsburgh Steelers,@,Baltimore Ravens,31,18,283,1,360,5,
2002,8,Sun,October 27,boxscore,Tennessee Titans,@,Cincinnati Bengals,30,24,342,1,384,1,
2002,8,Sun,October 27,boxscore,Houston Texans,@,Jacksonville Jaguars,21,19,242,1,290,0,
2002,8,Sun,October 27,boxscore,San Francisco 49ers,,Arizona Cardinals,38,28,357,0,420,4,
2002,8,Sun,October 27,boxscore,Washington Redskins,,Indianapolis Colts,26,21,370,1,258,3,
2002,8,Sun,October 27,boxscore,Minnesota Vikings,,Chicago Bears,25,7,364,1,218,3,
2002,8,Sun,October 27,boxscore,Atlanta Falcons,@,New Orleans Saints,37,35,446,2,351,3,
2002,8,Sun,October 27,boxscore,Kansas City Chiefs,,Oakland Raiders,20,10,323,2,417,2,
2002,8,Sun,October 27,boxscore,Seattle Seahawks,@,Dallas Cowboys,17,14,267,2,237,1,
2002,8,Sun,October 27,boxscore,Tampa Bay Buccaneers,@,Carolina Panthers,12,9,226,2,130,4,
2002,8,Sun,October 27,boxscore,Buffalo Bills,,Detroit Lions,24,17,343,2,282,1,
2002,8,Sun,October 27,boxscore,Denver Broncos,@,New England Patriots,24,16,351,2,179,0,
2002,8,Sun,October 27,boxscore,Cleveland Browns,@,New York Jets,24,21,334,0,241,3,
2002,8,Mon,October 28,boxscore,Philadelphia Eagles,,New York Giants,17,3,422,0,348,1,
2002,9,Sun,November 3,boxscore,San Francisco 49ers,@,Oakland Raiders,23,20,434,1,239,1,
2002,9,Sun,November 3,boxscore,Washington Redskins,@,Seattle Seahawks,14,3,259,1,324,2,
2002,9,Sun,November 3,boxscore,Atlanta Falcons,,Baltimore Ravens,20,17,241,1,340,2,
2002,9,Sun,November 3,boxscore,St. Louis Rams,@,Arizona Cardinals,27,14,415,2,235,3,
2002,9,Sun,November 3,boxscore,Philadelphia Eagles,@,Chicago Bears,19,13,309,1,260,1,
2002,9,Sun,November 3,boxscore,Tennessee Titans,@,Indianapolis Colts,23,15,198,0,378,3,
2002,9,Sun,November 3,boxscore,New York Jets,@,San Diego Chargers,44,13,413,0,243,3,
2002,9,Sun,November 3,boxscore,Tampa Bay Buccaneers,,Minnesota Vikings,38,24,446,0,387,3,
2002,9,Sun,November 3,boxscore,New York Giants,,Jacksonville Jaguars,24,17,394,1,329,1,
2002,9,Sun,November 3,boxscore,Cincinnati Bengals,@,Houston Texans,38,3,390,0,268,2,
2002,9,Sun,November 3,boxscore,Pittsburgh Steelers,@,Cleveland Browns,23,20,391,1,193,3,
2002,9,Sun,November 3,boxscore,Detroit Lions,,Dallas Cowboys,9,7,148,2,221,2,
2002,9,Sun,November 3,boxscore,New England Patriots,@,Buffalo Bills,38,7,422,0,331,1,
2002,9,Mon,November 4,boxscore,Green Bay Packers,,Miami Dolphins,24,10,270,1,306,4,
2002,10,Sun,November 10,boxscore,Seattle Seahawks,@,Arizona Cardinals,27,6,406,0,337,5,
2002,10,Sun,November 10,boxscore,St. Louis Rams,,San Diego Chargers,28,24,524,4,256,2,
2002,10,Sun,November 10,boxscore,New York Giants,@,Minnesota Vikings,27,20,460,1,356,2,
2002,10,Sun,November 10,boxscore,New England Patriots,@,Chicago Bears,33,30,397,2,299,1,
2002,10,Sun,November 10,boxscore,Jacksonville Jaguars,,Washington Redskins,26,7,309,0,307,3,
2002,10,Sun,November 10,boxscore,New Orleans Saints,@,Carolina Panthers,34,24,345,0,396,2,
2002,10,Sun,November 10,boxscore,New York Jets,,Miami Dolphins,13,10,264,0,279,2,
2002,10,Sun,November 10,boxscore,Pittsburgh Steelers,,Atlanta Falcons,34,34,645,3,447,2,
2002,10,Sun,November 10,boxscore,Baltimore Ravens,,Cincinnati Bengals,38,27,325,2,372,4,
2002,10,Sun,November 10,boxscore,Indianapolis Colts,@,Philadelphia Eagles,35,13,446,1,374,2,
2002,10,Sun,November 10,boxscore,Green Bay Packers,,Detroit Lions,40,14,503,2,362,2,
2002,10,Sun,November 10,boxscore,Tennessee Titans,,Houston Texans,17,10,251,2,233,3,
2002,10,Sun,November 10,boxscore,San Francisco 49ers,,Kansas City Chiefs,17,13,323,1,256,0,
2002,10,Mon,November 11,boxscore,Oakland Raiders,@,Denver Broncos,34,10,374,0,342,1,
2002,11,Sun,November 17,boxscore,Atlanta Falcons,,New Orleans Saints,24,17,292,1,344,2,
2002,11,Sun,November 17,boxscore,Oakland Raiders,,New England Patriots,27,20,386,1,195,1,
2002,11,Sun,November 17,boxscore,New York Jets,@,Detroit Lions,31,14,408,1,279,1,
2002,11,Sun,November 17,boxscore,Tennessee Titans,,Pittsburgh Steelers,31,23,378,1,357,3,
2002,11,Sun,November 17,boxscore,Miami Dolphins,,Baltimore Ravens,26,7,337,0,157,1,
2002,11,Sun,November 17,boxscore,San Diego Chargers,,San Francisco 49ers,20,17,441,1,467,1,
2002,11,Sun,November 17,boxscore,New York Giants,,Washington Redskins,19,17,299,3,166,2,
2002,11,Sun,November 17,boxscore,Jacksonville Jaguars,@,Houston Texans,24,21,321,1,272,2,
2002,11,Sun,November 17,boxscore,Minnesota Vikings,,Green Bay Packers,31,21,425,3,367,3,
2002,11,Sun,November 17,boxscore,Kansas City Chiefs,,Buffalo Bills,17,16,320,0,344,1,
2002,11,Sun,November 17,boxscore,Tampa Bay Buccaneers,,Carolina Panthers,23,10,314,2,231,4,
2002,11,Sun,November 17,boxscore,Cleveland Browns,@,Cincinnati Bengals,27,20,382,1,350,1,
2002,11,Sun,November 17,boxscore,Philadelphia Eagles,,Arizona Cardinals,38,14,462,2,248,1,
2002,11,Sun,November 17,boxscore,Indianapolis Colts,,Dallas Cowboys,20,3,362,1,178,2,
2002,11,Sun,November 17,boxscore,Denver Broncos,@,Seattle Seahawks,31,9,401,1,204,3,
2002,11,Mon,November 18,boxscore,St. Louis Rams,,Chicago Bears,21,16,388,2,220,0,
2002,12,Sun,November 24,boxscore,New England Patriots,,Minnesota Vikings,24,17,299,0,417,3,
2002,12,Sun,November 24,boxscore,Houston Texans,,New York Giants,16,14,212,1,369,3,
2002,12,Sun,November 24,boxscore,Baltimore Ravens,,Tennessee Titans,13,12,199,2,402,4,
2002,12,Sun,November 24,boxscore,Oakland Raiders,@,Arizona Cardinals,41,20,520,1,263,3,
2002,12,Sun,November 24,boxscore,Washington Redskins,,St. Louis Rams,20,17,362,0,364,2,
2002,12,Sun,November 24,boxscore,Miami Dolphins,,San Diego Chargers,30,3,413,0,144,2,
2002,12,Sun,November 24,boxscore,Seattle Seahawks,,Kansas City Chiefs,39,32,534,0,552,1,
2002,12,Sun,November 24,boxscore,Dallas Cowboys,,Jacksonville Jaguars,21,19,405,3,326,3,
2002,12,Sun,November 24,boxscore,Tampa Bay Buccaneers,,Green Bay Packers,21,7,246,1,267,4,
2002,12,Sun,November 24,boxscore,Atlanta Falcons,@,Carolina Panthers,41,0,426,1,122,6,
2002,12,Sun,November 24,boxscore,New York Jets,,Buffalo Bills,31,13,325,0,258,3,
2002,12,Sun,November 24,boxscore,Pittsburgh Steelers,,Cincinnati Bengals,29,21,391,0,352,1,
2002,12,Sun,November 24,boxscore,Cleveland Browns,@,New Orleans Saints,24,15,339,2,383,6,
2002,12,Sun,November 24,boxscore,Indianapolis Colts,@,Denver Broncos,23,20,344,3,285,2,
2002,12,Sun,November 24,boxscore,Chicago Bears,,Detroit Lions,20,17,422,1,301,2,
2002,12,Mon,November 25,boxscore,Philadelphia Eagles,@,San Francisco 49ers,38,17,343,0,409,0,
2002,13,Thu,November 28,boxscore,Dallas Cowboys,,Washington Redskins,27,20,328,0,315,4,
2002,13,Thu,November 28,boxscore,New England Patriots,@,Detroit Lions,20,12,349,1,292,3,
2002,13,Sun,December 1,boxscore,Philadelphia Eagles,,St. Louis Rams,10,3,265,4,250,5,
2002,13,Sun,December 1,boxscore,Pittsburgh Steelers,@,Jacksonville Jaguars,25,23,403,1,226,0,
2002,13,Sun,December 1,boxscore,Tennessee Titans,@,New York Giants,32,29,476,1,345,0,
2002,13,Sun,December 1,boxscore,San Francisco 49ers,,Seattle Seahawks,31,24,299,2,507,3,
2002,13,Sun,December 1,boxscore,Baltimore Ravens,@,Cincinnati Bengals,27,23,247,0,381,2,
2002,13,Sun,December 1,boxscore,Buffalo Bills,,Miami Dolphins,38,21,431,0,300,3,
2002,13,Sun,December 1,boxscore,Indianapolis Colts,,Houston Texans,19,3,278,1,165,2,
2002,13,Sun,December 1,boxscore,San Diego Chargers,,Denver Broncos,30,27,434,0,417,3,
2002,13,Sun,December 1,boxscore,Kansas City Chiefs,,Arizona Cardinals,49,0,477,1,122,4,
2002,13,Sun,December 1,boxscore,Green Bay Packers,,Chicago Bears,30,20,396,2,304,4,
2002,13,Sun,December 1,boxscore,Carolina Panthers,@,Cleveland Browns,13,6,234,2,258,5,
2002,13,Sun,December 1,boxscore,Atlanta Falcons,@,Minnesota Vikings,30,24,379,3,369,3,
2002,13,Sun,December 1,boxscore,New Orleans Saints,,Tampa Bay Buccaneers,23,20,238,1,283,3,
2002,13,Mon,December 2,boxscore,Oakland Raiders,,New York Jets,26,20,411,0,274,2,
2002,14,Sun,December 8,boxscore,San Francisco 49ers,@,Dallas Cowboys,31,27,401,1,257,2,
2002,14,Sun,December 8,boxscore,Kansas City Chiefs,,St. Louis Rams,49,10,293,0,202,3,
2002,14,Sun,December 8,boxscore,Oakland Raiders,@,San Diego Chargers,27,7,393,0,291,3,
2002,14,Sun,December 8,boxscore,Philadelphia Eagles,@,Seattle Seahawks,27,20,316,1,367,3,
2002,14,Sun,December 8,boxscore,New York Giants,@,Washington Redskins,27,21,316,0,447,5,
2002,14,Sun,December 8,boxscore,New Orleans Saints,@,Baltimore Ravens,37,25,359,2,410,5,
2002,14,Sun,December 8,boxscore,Green Bay Packers,,Minnesota Vikings,26,22,328,2,316,1,
2002,14,Sun,December 8,boxscore,Houston Texans,@,Pittsburgh Steelers,24,6,47,1,422,5,
2002,14,Sun,December 8,boxscore,Arizona Cardinals,,Detroit Lions,23,20,313,1,203,1,
2002,14,Sun,December 8,boxscore,Tampa Bay Buccaneers,,Atlanta Falcons,34,10,421,0,181,1,
2002,14,Sun,December 8,boxscore,New England Patriots,,Buffalo Bills,27,17,275,0,390,5,
2002,14,Sun,December 8,boxscore,Carolina Panthers,,Cincinnati Bengals,52,31,401,3,340,1,
2002,14,Sun,December 8,boxscore,Cleveland Browns,@,Jacksonville Jaguars,21,20,417,2,211,0,
2002,14,Sun,December 8,boxscore,Tennessee Titans,,Indianapolis Colts,27,17,348,1,389,3,
2002,14,Sun,December 8,boxscore,New York Jets,,Denver Broncos,19,13,281,0,369,1,
2002,14,Mon,December 9,boxscore,Miami Dolphins,,Chicago Bears,27,9,436,3,195,4,
2002,15,Sun,December 15,boxscore,Philadelphia Eagles,,Washington Redskins,34,21,320,1,292,3,
2002,15,Sun,December 15,boxscore,Chicago Bears,,New York Jets,20,13,266,0,334,1,
2002,15,Sun,December 15,boxscore,Miami Dolphins,,Oakland Raiders,23,17,334,1,218,2,
2002,15,Sun,December 15,boxscore,Baltimore Ravens,@,Houston Texans,23,19,298,0,277,2,
2002,15,Sun,December 15,boxscore,Buffalo Bills,,San Diego Chargers,20,13,256,1,308,0,
2002,15,Sun,December 15,boxscore,Seattle Seahawks,@,Atlanta Falcons,30,24,464,3,373,3,
2002,15,Sun,December 15,boxscore,Minnesota Vikings,@,New Orleans Saints,32,31,439,0,299,0,
2002,15,Sun,December 15,boxscore,Denver Broncos,,Kansas City Chiefs,31,24,482,3,494,0,
2002,15,Sun,December 15,boxscore,Jacksonville Jaguars,@,Cincinnati Bengals,29,15,321,0,300,2,
2002,15,Sun,December 15,boxscore,Green Bay Packers,@,San Francisco 49ers,20,14,302,0,263,1,
2002,15,Sun,December 15,boxscore,New York Giants,,Dallas Cowboys,37,7,377,0,241,3,
2002,15,Sun,December 15,boxscore,St. Louis Rams,,Arizona Cardinals,30,28,366,2,378,2,
2002,15,Sun,December 15,boxscore,Indianapolis Colts,@,Cleveland Browns,28,23,417,2,349,0,
2002,15,Sun,December 15,boxscore,Pittsburgh Steelers,,Carolina Panthers,30,14,332,2,131,4,
2002,15,Sun,December 15,boxscore,Tampa Bay Buccaneers,@,Detroit Lions,23,20,376,0,292,1,
2002,15,Mon,December 16,boxscore,Tennessee Titans,,New England Patriots,24,7,365,1,176,2,
2002,16,Sat,December 21,boxscore,San Francisco 49ers,@,Arizona Cardinals,17,14,358,2,184,2,
2002,16,Sat,December 21,boxscore,Philadelphia Eagles,@,Dallas Cowboys,27,3,359,2,146,3,
2002,16,Sat,December 21,boxscore,Minnesota Vikings,,Miami Dolphins,20,17,368,3,239,2,
2002,16,Sun,December 22,boxscore,Kansas City Chiefs,,San Diego Chargers,24,22,376,1,383,1,
2002,16,Sun,December 22,boxscore,Seattle Seahawks,,St. Louis Rams,30,10,392,1,271,5,
2002,16,Sun,December 22,boxscore,Tennessee Titans,@,Jacksonville Jaguars,28,10,298,0,214,1,
2002,16,Sun,December 22,boxscore,New York Jets,@,New England Patriots,30,17,393,0,216,2,
2002,16,Sun,December 22,boxscore,New York Giants,@,Indianapolis Colts,44,27,469,3,399,2,
2002,16,Sun,December 22,boxscore,Cincinnati Bengals,,New Orleans Saints,20,13,423,4,210,2,
2002,16,Sun,December 22,boxscore,Washington Redskins,,Houston Texans,26,10,437,0,166,3,
2002,16,Sun,December 22,boxscore,Atlanta Falcons,,Detroit Lions,36,15,533,2,208,3,
2002,16,Sun,December 22,boxscore,Oakland Raiders,,Denver Broncos,28,16,322,2,324,3,
2002,16,Sun,December 22,boxscore,Cleveland Browns,@,Baltimore Ravens,14,13,256,1,275,1,
2002,16,Sun,December 22,boxscore,Carolina Panthers,,Chicago Bears,24,14,253,2,186,4,
2002,16,Sun,December 22,boxscore,Green Bay Packers,,Buffalo Bills,10,0,223,2,185,6,
2002,16,Mon,December 23,boxscore,Pittsburgh Steelers,@,Tampa Bay Buccaneers,17,7,327,1,277,3,
2002,17,Sat,December 28,boxscore,New York Giants,,Philadelphia Eagles,10,7,461,4,209,1,
2002,17,Sat,December 28,boxscore,Oakland Raiders,,Kansas City Chiefs,24,0,354,1,176,1,
2002,17,Sun,December 29,boxscore,Seattle Seahawks,@,San Diego Chargers,31,28,591,3,414,1,
2002,17,Sun,December 29,boxscore,Pittsburgh Steelers,,Baltimore Ravens,34,31,351,2,422,4,
2002,17,Sun,December 29,boxscore,Tennessee Titans,@,Houston Texans,13,3,277,0,224,1,
2002,17,Sun,December 29,boxscore,Minnesota Vikings,@,Detroit Lions,38,36,450,2,386,3,
2002,17,Sun,December 29,boxscore,New England Patriots,,Miami Dolphins,27,24,332,2,359,0,
2002,17,Sun,December 29,boxscore,Tampa Bay Buccaneers,@,Chicago Bears,15,0,272,0,218,4,
2002,17,Sun,December 29,boxscore,Indianapolis Colts,,Jacksonville Jaguars,20,13,272,1,266,1,
2002,17,Sun,December 29,boxscore,Cleveland Browns,,Atlanta Falcons,24,16,318,4,331,3,
2002,17,Sun,December 29,boxscore,Carolina Panthers,@,New Orleans Saints,10,6,273,3,244,3,
2002,17,Sun,December 29,boxscore,Buffalo Bills,,Cincinnati Bengals,27,9,324,3,317,3,
2002,17,Sun,December 29,boxscore,Denver Broncos,,Arizona Cardinals,37,7,450,0,207,2,
2002,17,Sun,December 29,boxscore,Washington Redskins,,Dallas Cowboys,20,14,352,5,186,4,
2002,17,Sun,December 29,boxscore,New York Jets,,Green Bay Packers,42,17,337,0,322,1,
2002,17,Mon,December 30,boxscore,St. Louis Rams,,San Francisco 49ers,31,20,263,2,329,2,
2002,,,Playoffs,,,,,,,,,,,
2002,WildCard,Sat,January 4,boxscore,Atlanta Falcons,@,Green Bay Packers,27,7,309,0,289,5,
2002,WildCard,Sat,January 4,boxscore,New York Jets,,Indianapolis Colts,41,0,396,0,176,3,
2002,WildCard,Sun,January 5,boxscore,San Francisco 49ers,,New York Giants,39,38,446,2,446,1,
2002,WildCard,Sun,January 5,boxscore,Pittsburgh Steelers,,Cleveland Browns,36,33,432,3,447,1,
2002,Division,Sat,January 11,boxscore,Tennessee Titans,,Pittsburgh Steelers,34,31,430,4,324,1,
2002,Division,Sat,January 11,boxscore,Philadelphia Eagles,,Atlanta Falcons,20,6,318,0,354,2,
2002,Division,Sun,January 12,boxscore,Oakland Raiders,,New York Jets,30,10,399,1,287,4,
2002,Division,Sun,January 12,boxscore,Tampa Bay Buccaneers,,San Francisco 49ers,31,6,329,2,228,5,
2002,ConfChamp,Sun,January 19,boxscore,Oakland Raiders,,Tennessee Titans,41,24,375,1,312,2,
2002,ConfChamp,Sun,January 19,boxscore,Tampa Bay Buccaneers,@,Philadelphia Eagles,27,10,308,1,312,3,
2002,SuperBowl,Sun,January 26,boxscore,Tampa Bay Buccaneers,N,Oakland Raiders,48,21,365,1,269,5,
