2007,Week,Day,Date,,Winner/tie,,Loser/tie,PtsW,PtsL,YdsW,TOW,YdsL,TOL,
2007,1,Thu,September 6,boxscore,Indianapolis Colts,,New Orleans Saints,41,10,452,1,293,3,
2007,1,Sun,September 9,boxscore,Seattle Seahawks,,Tampa Bay Buccaneers,20,6,343,1,284,2,
2007,1,Sun,September 9,boxscore,Pittsburgh Steelers,@,Cleveland Browns,34,7,365,1,221,5,
2007,1,Sun,September 9,boxscore,Green Bay Packers,,Philadelphia Eagles,16,13,215,2,283,3,
2007,1,Sun,September 9,boxscore,Tennessee Titans,@,Jacksonville Jaguars,13,10,350,2,272,1,
2007,1,Sun,September 9,boxscore,Dallas Cowboys,,New York Giants,45,35,478,2,438,1,
2007,1,Sun,September 9,boxscore,New England Patriots,@,New York Jets,38,14,431,0,227,0,
2007,1,Sun,September 9,boxscore,Minnesota Vikings,,Atlanta Falcons,24,3,302,1,265,2,
2007,1,Sun,September 9,boxscore,Washington Redskins,,Miami Dolphins,16,13,400,2,273,1,
2007,1,Sun,September 9,boxscore,Carolina Panthers,@,St. Louis Rams,27,13,385,2,238,2,
2007,1,Sun,September 9,boxscore,San Diego Chargers,,Chicago Bears,14,3,263,2,202,4,
2007,1,Sun,September 9,boxscore,Denver Broncos,@,Buffalo Bills,15,14,470,1,184,1,
2007,1,Sun,September 9,boxscore,Detroit Lions,@,Oakland Raiders,36,21,392,2,375,3,
2007,1,Sun,September 9,boxscore,Houston Texans,,Kansas City Chiefs,20,3,315,2,219,4,
2007,1,Mon,September 10,boxscore,San Francisco 49ers,,Arizona Cardinals,20,17,194,1,261,2,
2007,1,Mon,September 10,boxscore,Cincinnati Bengals,,Baltimore Ravens,27,20,236,2,314,6,
2007,2,Sun,September 16,boxscore,Tampa Bay Buccaneers,,New Orleans Saints,31,14,330,0,343,2,
2007,2,Sun,September 16,boxscore,Baltimore Ravens,,New York Jets,20,13,303,0,304,2,
2007,2,Sun,September 16,boxscore,Denver Broncos,,Oakland Raiders,23,20,441,2,253,3,
2007,2,Sun,September 16,boxscore,New England Patriots,,San Diego Chargers,38,14,407,2,201,3,
2007,2,Sun,September 16,boxscore,Arizona Cardinals,,Seattle Seahawks,23,20,431,1,362,1,
2007,2,Sun,September 16,boxscore,San Francisco 49ers,@,St. Louis Rams,17,16,186,2,392,3,
2007,2,Sun,September 16,boxscore,Detroit Lions,,Minnesota Vikings,20,17,415,5,313,5,
2007,2,Sun,September 16,boxscore,Chicago Bears,,Kansas City Chiefs,20,10,239,3,281,2,
2007,2,Sun,September 16,boxscore,Houston Texans,@,Carolina Panthers,34,21,346,1,353,3,
2007,2,Sun,September 16,boxscore,Green Bay Packers,@,New York Giants,35,13,368,1,325,2,
2007,2,Sun,September 16,boxscore,Dallas Cowboys,@,Miami Dolphins,37,20,352,0,334,5,
2007,2,Sun,September 16,boxscore,Indianapolis Colts,@,Tennessee Titans,22,20,381,1,313,2,
2007,2,Sun,September 16,boxscore,Cleveland Browns,,Cincinnati Bengals,51,45,554,1,531,3,
2007,2,Sun,September 16,boxscore,Pittsburgh Steelers,,Buffalo Bills,26,3,420,1,223,0,
2007,2,Sun,September 16,boxscore,Jacksonville Jaguars,,Atlanta Falcons,13,7,364,0,248,0,
2007,2,Mon,September 17,boxscore,Washington Redskins,@,Philadelphia Eagles,20,12,337,1,340,0,
2007,3,Sun,September 23,boxscore,Pittsburgh Steelers,,San Francisco 49ers,37,16,350,1,289,1,
2007,3,Sun,September 23,boxscore,Green Bay Packers,,San Diego Chargers,31,24,405,0,364,1,
2007,3,Sun,September 23,boxscore,Tampa Bay Buccaneers,,St. Louis Rams,24,3,322,1,245,3,
2007,3,Sun,September 23,boxscore,New York Giants,@,Washington Redskins,24,17,315,3,260,1,
2007,3,Sun,September 23,boxscore,Kansas City Chiefs,,Minnesota Vikings,13,10,251,1,256,1,
2007,3,Sun,September 23,boxscore,New York Jets,,Miami Dolphins,31,28,256,0,424,1,
2007,3,Sun,September 23,boxscore,Jacksonville Jaguars,@,Denver Broncos,23,14,326,2,265,3,
2007,3,Sun,September 23,boxscore,Philadelphia Eagles,,Detroit Lions,56,21,536,2,432,3,
2007,3,Sun,September 23,boxscore,Dallas Cowboys,@,Chicago Bears,34,10,431,1,239,4,
2007,3,Sun,September 23,boxscore,New England Patriots,,Buffalo Bills,38,7,485,1,193,2,
2007,3,Sun,September 23,boxscore,Carolina Panthers,@,Atlanta Falcons,27,20,313,0,442,2,
2007,3,Sun,September 23,boxscore,Seattle Seahawks,,Cincinnati Bengals,24,21,340,2,412,4,
2007,3,Sun,September 23,boxscore,Oakland Raiders,,Cleveland Browns,26,24,396,2,312,2,
2007,3,Sun,September 23,boxscore,Indianapolis Colts,@,Houston Texans,30,24,362,0,254,2,
2007,3,Sun,September 23,boxscore,Baltimore Ravens,,Arizona Cardinals,26,23,381,1,364,1,
2007,3,Mon,September 24,boxscore,Tennessee Titans,@,New Orleans Saints,31,14,284,1,252,5,
2007,4,Sun,September 30,boxscore,Arizona Cardinals,,Pittsburgh Steelers,21,14,301,2,282,2,
2007,4,Sun,September 30,boxscore,Oakland Raiders,@,Miami Dolphins,35,17,369,1,278,2,
2007,4,Sun,September 30,boxscore,Dallas Cowboys,,St. Louis Rams,35,7,502,1,187,1,
2007,4,Sun,September 30,boxscore,Cleveland Browns,,Baltimore Ravens,27,13,303,1,418,2,
2007,4,Sun,September 30,boxscore,Seattle Seahawks,@,San Francisco 49ers,23,3,371,1,184,3,
2007,4,Sun,September 30,boxscore,Tampa Bay Buccaneers,@,Carolina Panthers,20,7,365,1,236,2,
2007,4,Sun,September 30,boxscore,New York Giants,,Philadelphia Eagles,16,3,212,1,190,1,
2007,4,Sun,September 30,boxscore,Buffalo Bills,,New York Jets,17,14,304,2,347,2,
2007,4,Sun,September 30,boxscore,Indianapolis Colts,,Denver Broncos,38,20,419,0,354,2,
2007,4,Sun,September 30,boxscore,Kansas City Chiefs,@,San Diego Chargers,30,16,390,2,333,4,
2007,4,Sun,September 30,boxscore,Detroit Lions,,Chicago Bears,37,27,310,2,303,3,
2007,4,Sun,September 30,boxscore,Atlanta Falcons,,Houston Texans,26,16,304,0,398,2,
2007,4,Sun,September 30,boxscore,Green Bay Packers,@,Minnesota Vikings,23,16,384,2,382,2,
2007,4,Mon,October 1,boxscore,New England Patriots,@,Cincinnati Bengals,34,13,404,1,283,2,
2007,5,Sun,October 7,boxscore,Jacksonville Jaguars,@,Kansas City Chiefs,17,7,357,0,271,1,
2007,5,Sun,October 7,boxscore,Houston Texans,,Miami Dolphins,22,19,352,2,285,1,
2007,5,Sun,October 7,boxscore,New York Giants,,New York Jets,35,24,374,2,277,3,
2007,5,Sun,October 7,boxscore,Baltimore Ravens,@,San Francisco 49ers,9,7,315,0,163,1,
2007,5,Sun,October 7,boxscore,San Diego Chargers,@,Denver Broncos,41,3,484,0,296,3,
2007,5,Sun,October 7,boxscore,Pittsburgh Steelers,,Seattle Seahawks,21,0,342,0,144,1,
2007,5,Sun,October 7,boxscore,Indianapolis Colts,,Tampa Bay Buccaneers,33,14,400,1,177,1,
2007,5,Sun,October 7,boxscore,Washington Redskins,,Detroit Lions,34,3,366,1,144,2,
2007,5,Sun,October 7,boxscore,Carolina Panthers,@,New Orleans Saints,16,13,243,1,341,2,
2007,5,Sun,October 7,boxscore,Tennessee Titans,,Atlanta Falcons,20,13,249,5,198,2,
2007,5,Sun,October 7,boxscore,Chicago Bears,@,Green Bay Packers,27,20,285,1,439,5,
2007,5,Sun,October 7,boxscore,New England Patriots,,Cleveland Browns,34,17,412,0,353,4,
2007,5,Sun,October 7,boxscore,Arizona Cardinals,@,St. Louis Rams,34,31,383,2,375,3,
2007,5,Mon,October 8,boxscore,Dallas Cowboys,@,Buffalo Bills,25,24,385,6,229,1,
2007,6,Sun,October 14,boxscore,Tampa Bay Buccaneers,,Tennessee Titans,13,10,304,1,317,3,
2007,6,Sun,October 14,boxscore,New Orleans Saints,@,Seattle Seahawks,28,17,367,1,425,2,
2007,6,Sun,October 14,boxscore,Kansas City Chiefs,,Cincinnati Bengals,27,20,354,2,373,3,
2007,6,Sun,October 14,boxscore,San Diego Chargers,,Oakland Raiders,28,14,362,1,245,3,
2007,6,Sun,October 14,boxscore,Green Bay Packers,,Washington Redskins,17,14,225,2,304,3,
2007,6,Sun,October 14,boxscore,Baltimore Ravens,,St. Louis Rams,22,3,248,2,264,6,
2007,6,Sun,October 14,boxscore,Philadelphia Eagles,@,New York Jets,16,9,413,1,267,1,
2007,6,Sun,October 14,boxscore,New England Patriots,@,Dallas Cowboys,48,27,448,1,285,1,
2007,6,Sun,October 14,boxscore,Minnesota Vikings,@,Chicago Bears,34,31,444,0,458,4,
2007,6,Sun,October 14,boxscore,Cleveland Browns,,Miami Dolphins,41,31,384,1,356,2,
2007,6,Sun,October 14,boxscore,Carolina Panthers,@,Arizona Cardinals,25,10,374,0,255,5,
2007,6,Sun,October 14,boxscore,Jacksonville Jaguars,,Houston Texans,37,17,457,3,390,3,
2007,6,Mon,October 15,boxscore,New York Giants,@,Atlanta Falcons,31,10,491,3,284,1,
2007,7,Sun,October 21,boxscore,Detroit Lions,,Tampa Bay Buccaneers,23,16,278,0,422,2,
2007,7,Sun,October 21,boxscore,Buffalo Bills,,Baltimore Ravens,19,14,242,1,308,1,
2007,7,Sun,October 21,boxscore,Denver Broncos,,Pittsburgh Steelers,31,28,324,2,379,3,
2007,7,Sun,October 21,boxscore,Cincinnati Bengals,,New York Jets,38,31,395,1,342,2,
2007,7,Sun,October 21,boxscore,New York Giants,,San Francisco 49ers,33,15,279,1,267,4,
2007,7,Sun,October 21,boxscore,Seattle Seahawks,,St. Louis Rams,33,6,289,1,221,5,
2007,7,Sun,October 21,boxscore,Tennessee Titans,@,Houston Texans,38,36,422,2,333,6,
2007,7,Sun,October 21,boxscore,New England Patriots,@,Miami Dolphins,49,28,443,1,382,2,
2007,7,Sun,October 21,boxscore,Dallas Cowboys,,Minnesota Vikings,24,14,381,2,196,1,
2007,7,Sun,October 21,boxscore,Kansas City Chiefs,@,Oakland Raiders,12,10,290,1,268,2,
2007,7,Sun,October 21,boxscore,Washington Redskins,,Arizona Cardinals,21,19,160,1,364,3,
2007,7,Sun,October 21,boxscore,New Orleans Saints,,Atlanta Falcons,22,16,310,1,334,0,
2007,7,Sun,October 21,boxscore,Chicago Bears,@,Philadelphia Eagles,19,16,386,0,334,0,
2007,7,Mon,October 22,boxscore,Indianapolis Colts,@,Jacksonville Jaguars,29,7,384,1,226,3,
2007,8,Sun,October 28,boxscore,Pittsburgh Steelers,@,Cincinnati Bengals,24,13,390,1,296,1,
2007,8,Sun,October 28,boxscore,Tennessee Titans,,Oakland Raiders,13,9,218,0,235,2,
2007,8,Sun,October 28,boxscore,Philadelphia Eagles,@,Minnesota Vikings,23,16,385,0,256,0,
2007,8,Sun,October 28,boxscore,Buffalo Bills,@,New York Jets,13,3,347,1,254,3,
2007,8,Sun,October 28,boxscore,New Orleans Saints,@,San Francisco 49ers,31,10,438,1,260,1,
2007,8,Sun,October 28,boxscore,Cleveland Browns,@,St. Louis Rams,27,20,368,0,393,1,
2007,8,Sun,October 28,boxscore,Indianapolis Colts,@,Carolina Panthers,31,7,395,1,293,3,
2007,8,Sun,October 28,boxscore,Jacksonville Jaguars,@,Tampa Bay Buccaneers,24,23,219,0,385,3,
2007,8,Sun,October 28,boxscore,San Diego Chargers,,Houston Texans,35,10,237,0,367,5,
2007,8,Sun,October 28,boxscore,New York Giants,@,Miami Dolphins,13,10,238,1,245,2,
2007,8,Sun,October 28,boxscore,New England Patriots,,Washington Redskins,52,7,486,1,224,4,
2007,8,Sun,October 28,boxscore,Detroit Lions,@,Chicago Bears,16,7,365,1,255,4,
2007,8,Mon,October 29,boxscore,Green Bay Packers,@,Denver Broncos,19,13,430,0,332,1,
2007,9,Sun,November 4,boxscore,Detroit Lions,,Denver Broncos,44,7,376,1,303,4,
2007,9,Sun,November 4,boxscore,Tennessee Titans,,Carolina Panthers,20,7,236,4,191,2,
2007,9,Sun,November 4,boxscore,Atlanta Falcons,,San Francisco 49ers,20,16,286,1,251,4,
2007,9,Sun,November 4,boxscore,Cleveland Browns,,Seattle Seahawks,33,30,428,1,423,2,
2007,9,Sun,November 4,boxscore,Minnesota Vikings,,San Diego Chargers,35,17,528,2,229,2,
2007,9,Sun,November 4,boxscore,Buffalo Bills,,Cincinnati Bengals,33,21,479,1,299,1,
2007,9,Sun,November 4,boxscore,New England Patriots,@,Indianapolis Colts,24,20,342,2,329,2,
2007,9,Sun,November 4,boxscore,New Orleans Saints,,Jacksonville Jaguars,41,24,538,1,432,3,
2007,9,Sun,November 4,boxscore,Tampa Bay Buccaneers,,Arizona Cardinals,17,10,350,0,195,2,
2007,9,Sun,November 4,boxscore,Green Bay Packers,@,Kansas City Chiefs,33,22,432,2,234,2,
2007,9,Sun,November 4,boxscore,Dallas Cowboys,@,Philadelphia Eagles,38,17,434,1,316,3,
2007,9,Sun,November 4,boxscore,Houston Texans,@,Oakland Raiders,24,17,359,1,310,3,
2007,9,Sun,November 4,boxscore,Washington Redskins,@,New York Jets,23,20,431,1,338,1,
2007,9,Mon,November 5,boxscore,Pittsburgh Steelers,,Baltimore Ravens,38,7,291,1,104,4,
2007,10,Sun,November 11,boxscore,St. Louis Rams,@,New Orleans Saints,37,29,409,0,299,2,
2007,10,Sun,November 11,boxscore,Philadelphia Eagles,@,Washington Redskins,33,25,379,2,361,2,
2007,10,Sun,November 11,boxscore,Green Bay Packers,,Minnesota Vikings,34,0,488,0,247,1,
2007,10,Sun,November 11,boxscore,Jacksonville Jaguars,@,Tennessee Titans,28,13,262,1,292,3,
2007,10,Sun,November 11,boxscore,Arizona Cardinals,,Detroit Lions,31,21,319,4,247,5,
2007,10,Sun,November 11,boxscore,Denver Broncos,@,Kansas City Chiefs,27,11,327,1,284,4,
2007,10,Sun,November 11,boxscore,Dallas Cowboys,@,New York Giants,31,20,323,1,300,2,
2007,10,Sun,November 11,boxscore,Atlanta Falcons,@,Carolina Panthers,20,13,277,1,235,2,
2007,10,Sun,November 11,boxscore,Buffalo Bills,@,Miami Dolphins,13,10,214,1,269,0,
2007,10,Sun,November 11,boxscore,Chicago Bears,@,Oakland Raiders,17,6,295,0,193,3,
2007,10,Sun,November 11,boxscore,Cincinnati Bengals,@,Baltimore Ravens,21,7,326,0,272,6,
2007,10,Sun,November 11,boxscore,Pittsburgh Steelers,,Cleveland Browns,31,28,401,1,163,1,
2007,10,Sun,November 11,boxscore,San Diego Chargers,,Indianapolis Colts,23,21,177,3,386,6,
2007,10,Mon,November 12,boxscore,Seattle Seahawks,,San Francisco 49ers,24,0,380,2,173,2,
2007,11,Sun,November 18,boxscore,New York Jets,,Pittsburgh Steelers,19,16,297,1,263,2,
2007,11,Sun,November 18,boxscore,Minnesota Vikings,,Oakland Raiders,29,22,478,5,372,2,
2007,11,Sun,November 18,boxscore,St. Louis Rams,@,San Francisco 49ers,13,9,207,0,244,2,
2007,11,Sun,November 18,boxscore,Jacksonville Jaguars,,San Diego Chargers,24,17,311,0,388,2,
2007,11,Sun,November 18,boxscore,Tampa Bay Buccaneers,@,Atlanta Falcons,31,7,305,2,265,4,
2007,11,Sun,November 18,boxscore,Dallas Cowboys,,Washington Redskins,28,23,362,1,423,2,
2007,11,Sun,November 18,boxscore,New York Giants,@,Detroit Lions,16,10,341,2,376,4,
2007,11,Sun,November 18,boxscore,New England Patriots,@,Buffalo Bills,56,10,510,0,229,2,
2007,11,Sun,November 18,boxscore,Houston Texans,,New Orleans Saints,23,10,390,2,327,3,
2007,11,Sun,November 18,boxscore,Philadelphia Eagles,,Miami Dolphins,17,7,352,3,186,0,
2007,11,Sun,November 18,boxscore,Indianapolis Colts,,Kansas City Chiefs,13,10,216,1,234,2,
2007,11,Sun,November 18,boxscore,Arizona Cardinals,@,Cincinnati Bengals,35,27,247,0,396,5,
2007,11,Sun,November 18,boxscore,Cleveland Browns,@,Baltimore Ravens,33,30,380,2,368,4,
2007,11,Sun,November 18,boxscore,Seattle Seahawks,,Chicago Bears,30,23,425,1,345,1,
2007,11,Sun,November 18,boxscore,Green Bay Packers,,Carolina Panthers,31,17,317,0,382,3,
2007,11,Mon,November 19,boxscore,Denver Broncos,,Tennessee Titans,34,20,359,1,423,3,
2007,12,Thu,November 22,boxscore,Green Bay Packers,@,Detroit Lions,37,26,481,1,331,1,
2007,12,Thu,November 22,boxscore,Indianapolis Colts,@,Atlanta Falcons,31,13,365,1,250,2,
2007,12,Thu,November 22,boxscore,Dallas Cowboys,,New York Jets,34,3,344,1,180,2,
2007,12,Sun,November 25,boxscore,San Francisco 49ers,@,Arizona Cardinals,37,31,374,0,552,4,
2007,12,Sun,November 25,boxscore,Seattle Seahawks,@,St. Louis Rams,24,19,302,2,265,2,
2007,12,Sun,November 25,boxscore,San Diego Chargers,,Baltimore Ravens,32,14,332,0,210,2,
2007,12,Sun,November 25,boxscore,Oakland Raiders,@,Kansas City Chiefs,20,17,312,1,292,1,
2007,12,Sun,November 25,boxscore,New England Patriots,,Philadelphia Eagles,31,28,410,0,391,3,
2007,12,Sun,November 25,boxscore,Tampa Bay Buccaneers,,Washington Redskins,19,13,192,0,412,6,
2007,12,Sun,November 25,boxscore,Cincinnati Bengals,,Tennessee Titans,35,6,426,1,305,2,
2007,12,Sun,November 25,boxscore,New Orleans Saints,@,Carolina Panthers,31,6,373,1,195,4,
2007,12,Sun,November 25,boxscore,Minnesota Vikings,@,New York Giants,41,17,251,0,309,4,
2007,12,Sun,November 25,boxscore,Cleveland Browns,,Houston Texans,27,17,397,1,314,3,
2007,12,Sun,November 25,boxscore,Chicago Bears,,Denver Broncos,37,34,293,4,430,2,
2007,12,Sun,November 25,boxscore,Jacksonville Jaguars,,Buffalo Bills,36,14,416,1,297,3,
2007,12,Mon,November 26,boxscore,Pittsburgh Steelers,,Miami Dolphins,3,0,216,1,159,2,
2007,13,Thu,November 29,boxscore,Dallas Cowboys,,Green Bay Packers,37,27,414,1,357,2,
2007,13,Sun,December 2,boxscore,New York Giants,@,Chicago Bears,21,16,356,4,312,0,
2007,13,Sun,December 2,boxscore,New York Jets,@,Miami Dolphins,40,13,372,2,187,5,
2007,13,Sun,December 2,boxscore,San Diego Chargers,@,Kansas City Chiefs,24,10,330,1,268,4,
2007,13,Sun,December 2,boxscore,Seattle Seahawks,@,Philadelphia Eagles,28,24,311,2,363,4,
2007,13,Sun,December 2,boxscore,Carolina Panthers,,San Francisco 49ers,31,14,323,2,195,6,
2007,13,Sun,December 2,boxscore,Tampa Bay Buccaneers,@,New Orleans Saints,27,23,466,1,246,1,
2007,13,Sun,December 2,boxscore,Indianapolis Colts,,Jacksonville Jaguars,28,25,342,1,411,2,
2007,13,Sun,December 2,boxscore,Tennessee Titans,,Houston Texans,28,20,382,1,315,2,
2007,13,Sun,December 2,boxscore,St. Louis Rams,,Atlanta Falcons,28,16,409,2,435,3,
2007,13,Sun,December 2,boxscore,Buffalo Bills,@,Washington Redskins,17,16,357,1,281,2,
2007,13,Sun,December 2,boxscore,Pittsburgh Steelers,,Cincinnati Bengals,24,10,285,4,249,1,
2007,13,Sun,December 2,boxscore,Arizona Cardinals,,Cleveland Browns,27,21,302,1,379,4,
2007,13,Sun,December 2,boxscore,Oakland Raiders,,Denver Broncos,34,20,372,1,292,4,
2007,13,Sun,December 2,boxscore,Minnesota Vikings,,Detroit Lions,42,10,443,1,253,1,
2007,13,Mon,December 3,boxscore,New England Patriots,@,Baltimore Ravens,27,24,326,1,376,2,
2007,14,Thu,December 6,boxscore,Washington Redskins,,Chicago Bears,24,16,345,1,356,2,
2007,14,Sun,December 9,boxscore,Houston Texans,,Tampa Bay Buccaneers,28,14,257,2,305,2,
2007,14,Sun,December 9,boxscore,New York Giants,@,Philadelphia Eagles,16,13,318,2,306,1,
2007,14,Sun,December 9,boxscore,New England Patriots,,Pittsburgh Steelers,34,13,421,0,349,1,
2007,14,Sun,December 9,boxscore,Green Bay Packers,,Oakland Raiders,38,7,445,1,233,3,
2007,14,Sun,December 9,boxscore,Cincinnati Bengals,,St. Louis Rams,19,10,370,2,241,2,
2007,14,Sun,December 9,boxscore,Minnesota Vikings,@,San Francisco 49ers,27,7,280,1,282,5,
2007,14,Sun,December 9,boxscore,Buffalo Bills,,Miami Dolphins,38,17,389,1,285,5,
2007,14,Sun,December 9,boxscore,Denver Broncos,,Kansas City Chiefs,41,7,453,0,129,3,
2007,14,Sun,December 9,boxscore,Dallas Cowboys,@,Detroit Lions,28,27,368,1,390,0,
2007,14,Sun,December 9,boxscore,Seattle Seahawks,,Arizona Cardinals,42,21,349,0,355,5,
2007,14,Sun,December 9,boxscore,Indianapolis Colts,@,Baltimore Ravens,44,20,334,0,243,5,
2007,14,Sun,December 9,boxscore,Cleveland Browns,@,New York Jets,24,18,337,1,387,2,
2007,14,Sun,December 9,boxscore,Jacksonville Jaguars,,Carolina Panthers,37,6,427,1,149,2,
2007,14,Sun,December 9,boxscore,San Diego Chargers,@,Tennessee Titans,23,17,341,3,240,2,
2007,14,Mon,December 10,boxscore,New Orleans Saints,@,Atlanta Falcons,34,14,473,1,323,1,
2007,15,Thu,December 13,boxscore,Houston Texans,,Denver Broncos,31,13,358,1,308,0,
2007,15,Sat,December 15,boxscore,San Francisco 49ers,,Cincinnati Bengals,20,13,337,0,313,0,
2007,15,Sun,December 16,boxscore,New England Patriots,,New York Jets,20,10,265,1,234,2,
2007,15,Sun,December 16,boxscore,Tennessee Titans,@,Kansas City Chiefs,26,17,327,0,306,3,
2007,15,Sun,December 16,boxscore,Philadelphia Eagles,@,Dallas Cowboys,10,6,315,1,240,3,
2007,15,Sun,December 16,boxscore,Miami Dolphins,,Baltimore Ravens,22,16,360,0,345,1,
2007,15,Sun,December 16,boxscore,Carolina Panthers,,Seattle Seahawks,13,10,322,0,282,1,
2007,15,Sun,December 16,boxscore,Washington Redskins,@,New York Giants,22,10,309,0,307,1,
2007,15,Sun,December 16,boxscore,Jacksonville Jaguars,@,Pittsburgh Steelers,29,22,421,1,217,0,
2007,15,Sun,December 16,boxscore,Green Bay Packers,@,St. Louis Rams,33,14,277,3,364,2,
2007,15,Sun,December 16,boxscore,Tampa Bay Buccaneers,,Atlanta Falcons,37,3,285,1,133,4,
2007,15,Sun,December 16,boxscore,Cleveland Browns,,Buffalo Bills,8,0,304,0,232,0,
2007,15,Sun,December 16,boxscore,Indianapolis Colts,@,Oakland Raiders,21,14,322,1,253,0,
2007,15,Sun,December 16,boxscore,New Orleans Saints,,Arizona Cardinals,31,24,421,2,317,2,
2007,15,Sun,December 16,boxscore,San Diego Chargers,,Detroit Lions,51,14,416,0,328,6,
2007,15,Mon,December 17,boxscore,Minnesota Vikings,,Chicago Bears,20,13,372,4,209,1,
2007,16,Thu,December 20,boxscore,Pittsburgh Steelers,@,St. Louis Rams,41,24,425,0,316,2,
2007,16,Sat,December 22,boxscore,Dallas Cowboys,@,Carolina Panthers,20,13,405,1,216,1,
2007,16,Sun,December 23,boxscore,Philadelphia Eagles,@,New Orleans Saints,38,23,435,1,346,1,
2007,16,Sun,December 23,boxscore,Jacksonville Jaguars,,Oakland Raiders,49,11,437,2,215,4,
2007,16,Sun,December 23,boxscore,Seattle Seahawks,,Baltimore Ravens,27,6,336,2,293,3,
2007,16,Sun,December 23,boxscore,San Francisco 49ers,,Tampa Bay Buccaneers,21,19,213,2,434,2,
2007,16,Sun,December 23,boxscore,Washington Redskins,@,Minnesota Vikings,32,21,367,0,299,3,
2007,16,Sun,December 23,boxscore,Tennessee Titans,,New York Jets,10,6,273,2,296,2,
2007,16,Sun,December 23,boxscore,New York Giants,@,Buffalo Bills,38,21,383,4,244,4,
2007,16,Sun,December 23,boxscore,New England Patriots,,Miami Dolphins,28,7,400,4,241,0,
2007,16,Sun,December 23,boxscore,Arizona Cardinals,,Atlanta Falcons,30,27,437,0,405,1,
2007,16,Sun,December 23,boxscore,Cincinnati Bengals,,Cleveland Browns,19,14,270,3,380,4,
2007,16,Sun,December 23,boxscore,Chicago Bears,,Green Bay Packers,35,7,240,0,274,2,
2007,16,Sun,December 23,boxscore,Indianapolis Colts,,Houston Texans,38,15,458,1,299,3,
2007,16,Sun,December 23,boxscore,Detroit Lions,,Kansas City Chiefs,25,20,236,1,407,1,
2007,16,Mon,December 24,boxscore,San Diego Chargers,,Denver Broncos,23,3,334,1,225,3,
2007,17,Sat,December 29,boxscore,New England Patriots,@,New York Giants,38,35,390,0,316,1,
2007,17,Sun,December 30,boxscore,Tennessee Titans,@,Indianapolis Colts,16,10,356,2,194,1,
2007,17,Sun,December 30,boxscore,Baltimore Ravens,,Pittsburgh Steelers,27,21,334,1,264,3,
2007,17,Sun,December 30,boxscore,Arizona Cardinals,,St. Louis Rams,48,19,422,2,234,3,
2007,17,Sun,December 30,boxscore,San Diego Chargers,@,Oakland Raiders,30,17,253,1,316,4,
2007,17,Sun,December 30,boxscore,Atlanta Falcons,,Seattle Seahawks,44,41,364,0,501,3,
2007,17,Sun,December 30,boxscore,Cleveland Browns,,San Francisco 49ers,20,7,358,1,185,0,
2007,17,Sun,December 30,boxscore,Chicago Bears,,New Orleans Saints,33,25,275,3,413,3,
2007,17,Sun,December 30,boxscore,Denver Broncos,,Minnesota Vikings,22,19,362,0,332,3,
2007,17,Sun,December 30,boxscore,Philadelphia Eagles,,Buffalo Bills,17,9,391,2,271,0,
2007,17,Sun,December 30,boxscore,Carolina Panthers,@,Tampa Bay Buccaneers,31,23,349,2,303,1,
2007,17,Sun,December 30,boxscore,Cincinnati Bengals,@,Miami Dolphins,38,25,393,1,336,1,
2007,17,Sun,December 30,boxscore,Washington Redskins,,Dallas Cowboys,27,6,354,2,147,1,
2007,17,Sun,December 30,boxscore,Green Bay Packers,,Detroit Lions,34,13,394,1,293,2,
2007,17,Sun,December 30,boxscore,Houston Texans,,Jacksonville Jaguars,42,28,290,1,381,1,
2007,17,Sun,December 30,boxscore,New York Jets,,Kansas City Chiefs,13,10,337,0,219,0,
2007,,,Playoffs,,,,,,,,,,,
2007,WildCard,Sat,January 5,boxscore,Jacksonville Jaguars,@,Pittsburgh Steelers,31,29,239,2,340,4,
2007,WildCard,Sat,January 5,boxscore,Seattle Seahawks,,Washington Redskins,35,14,304,2,319,2,
2007,WildCard,Sun,January 6,boxscore,San Diego Chargers,,Tennessee Titans,17,6,350,1,248,2,
2007,WildCard,Sun,January 6,boxscore,New York Giants,@,Tampa Bay Buccaneers,24,14,277,0,271,3,
2007,Division,Sat,January 12,boxscore,Green Bay Packers,,Seattle Seahawks,42,20,408,2,200,1,
2007,Division,Sat,January 12,boxscore,New England Patriots,,Jacksonville Jaguars,31,20,403,0,350,2,
2007,Division,Sun,January 13,boxscore,New York Giants,@,Dallas Cowboys,21,17,230,0,336,1,
2007,Division,Sun,January 13,boxscore,San Diego Chargers,@,Indianapolis Colts,28,24,411,1,446,3,
2007,ConfChamp,Sun,January 20,boxscore,New York Giants,@,Green Bay Packers,23,20,377,1,264,2,
2007,ConfChamp,Sun,January 20,boxscore,New England Patriots,,San Diego Chargers,21,12,347,3,311,2,
2007,SuperBowl,Sun,February 3,boxscore,New York Giants,N,New England Patriots,17,14,338,1,274,1,
