2010,Week,Day,Date,,Winner/tie,,Loser/tie,PtsW,PtsL,YdsW,TOW,YdsL,TOL,
2010,1,Thu,September 9,boxscore,New Orleans Saints,,Minnesota Vikings,14,9,308,0,253,1,
2010,1,Sun,September 12,boxscore,Pittsburgh Steelers,,Atlanta Falcons,15,9,354,1,295,1,
2010,1,Sun,September 12,boxscore,Seattle Seahawks,,San Francisco 49ers,31,6,242,1,263,2,
2010,1,Sun,September 12,boxscore,Tennessee Titans,,Oakland Raiders,38,13,345,1,286,2,
2010,1,Sun,September 12,boxscore,Miami Dolphins,@,Buffalo Bills,15,10,296,0,166,0,
2010,1,Sun,September 12,boxscore,Green Bay Packers,@,Philadelphia Eagles,27,20,299,2,320,1,
2010,1,Sun,September 12,boxscore,Chicago Bears,,Detroit Lions,19,14,463,4,168,3,
2010,1,Sun,September 12,boxscore,Jacksonville Jaguars,,Denver Broncos,24,17,299,0,363,2,
2010,1,Sun,September 12,boxscore,Washington Redskins,,Dallas Cowboys,13,7,250,0,380,1,
2010,1,Sun,September 12,boxscore,Arizona Cardinals,@,St. Louis Rams,17,13,378,4,325,4,
2010,1,Sun,September 12,boxscore,Houston Texans,,Indianapolis Colts,34,24,355,1,463,1,
2010,1,Sun,September 12,boxscore,Tampa Bay Buccaneers,,Cleveland Browns,17,14,288,2,340,3,
2010,1,Sun,September 12,boxscore,New England Patriots,,Cincinnati Bengals,38,24,376,0,428,2,
2010,1,Sun,September 12,boxscore,New York Giants,,Carolina Panthers,31,18,376,4,237,5,
2010,1,Mon,September 13,boxscore,Kansas City Chiefs,,San Diego Chargers,21,14,197,0,389,1,
2010,1,Mon,September 13,boxscore,Baltimore Ravens,@,New York Jets,10,9,282,3,176,1,
2010,2,Sun,September 19,boxscore,Indianapolis Colts,,New York Giants,38,14,410,1,257,3,
2010,2,Sun,September 19,boxscore,Philadelphia Eagles,@,Detroit Lions,35,32,410,0,444,2,
2010,2,Sun,September 19,boxscore,Pittsburgh Steelers,@,Tennessee Titans,19,11,127,1,238,7,
2010,2,Sun,September 19,boxscore,Oakland Raiders,,St. Louis Rams,16,14,404,2,210,1,
2010,2,Sun,September 19,boxscore,Cincinnati Bengals,,Baltimore Ravens,15,10,253,0,259,4,
2010,2,Sun,September 19,boxscore,Denver Broncos,,Seattle Seahawks,31,14,369,0,339,4,
2010,2,Sun,September 19,boxscore,Tampa Bay Buccaneers,@,Carolina Panthers,20,7,273,0,278,3,
2010,2,Sun,September 19,boxscore,New York Jets,,New England Patriots,28,14,336,0,291,3,
2010,2,Sun,September 19,boxscore,Atlanta Falcons,,Arizona Cardinals,41,7,444,1,267,3,
2010,2,Sun,September 19,boxscore,Miami Dolphins,@,Minnesota Vikings,14,10,226,2,364,4,
2010,2,Sun,September 19,boxscore,Kansas City Chiefs,@,Cleveland Browns,16,14,312,2,299,2,
2010,2,Sun,September 19,boxscore,San Diego Chargers,,Jacksonville Jaguars,38,13,477,3,350,6,
2010,2,Sun,September 19,boxscore,Houston Texans,@,Washington Redskins,30,27,526,1,421,0,
2010,2,Sun,September 19,boxscore,Green Bay Packers,,Buffalo Bills,34,7,346,0,186,2,
2010,2,Sun,September 19,boxscore,Chicago Bears,@,Dallas Cowboys,27,20,308,0,410,3,
2010,2,Mon,September 20,boxscore,New Orleans Saints,@,San Francisco 49ers,25,22,287,0,417,4,
2010,3,Sun,September 26,boxscore,Tennessee Titans,@,New York Giants,29,10,271,0,471,3,
2010,3,Sun,September 26,boxscore,Philadelphia Eagles,@,Jacksonville Jaguars,28,3,373,0,191,1,
2010,3,Sun,September 26,boxscore,Pittsburgh Steelers,@,Tampa Bay Buccaneers,38,13,387,2,303,2,
2010,3,Sun,September 26,boxscore,Arizona Cardinals,,Oakland Raiders,24,23,227,3,364,1,
2010,3,Sun,September 26,boxscore,Seattle Seahawks,,San Diego Chargers,27,20,271,2,518,5,
2010,3,Sun,September 26,boxscore,Kansas City Chiefs,,San Francisco 49ers,31,10,457,1,251,1,
2010,3,Sun,September 26,boxscore,St. Louis Rams,,Washington Redskins,30,16,365,2,349,2,
2010,3,Sun,September 26,boxscore,New York Jets,@,Miami Dolphins,31,23,402,0,436,1,
2010,3,Sun,September 26,boxscore,Atlanta Falcons,@,New Orleans Saints,27,24,417,1,398,3,
2010,3,Sun,September 26,boxscore,Minnesota Vikings,,Detroit Lions,24,10,368,3,295,3,
2010,3,Sun,September 26,boxscore,Dallas Cowboys,@,Houston Texans,27,13,385,0,340,3,
2010,3,Sun,September 26,boxscore,Indianapolis Colts,@,Denver Broncos,27,13,365,0,519,2,
2010,3,Sun,September 26,boxscore,Baltimore Ravens,,Cleveland Browns,24,17,365,0,304,0,
2010,3,Sun,September 26,boxscore,Cincinnati Bengals,@,Carolina Panthers,20,7,305,2,267,4,
2010,3,Sun,September 26,boxscore,New England Patriots,,Buffalo Bills,38,30,445,1,374,2,
2010,3,Mon,September 27,boxscore,Chicago Bears,,Green Bay Packers,20,17,276,1,379,2,
2010,4,Sun,October 3,boxscore,Washington Redskins,@,Philadelphia Eagles,17,12,293,1,353,2,
2010,4,Sun,October 3,boxscore,Atlanta Falcons,,San Francisco 49ers,16,14,357,2,262,3,
2010,4,Sun,October 3,boxscore,St. Louis Rams,,Seattle Seahawks,20,3,349,1,257,2,
2010,4,Sun,October 3,boxscore,Baltimore Ravens,@,Pittsburgh Steelers,17,14,320,2,210,1,
2010,4,Sun,October 3,boxscore,New York Jets,@,Buffalo Bills,38,14,444,0,223,2,
2010,4,Sun,October 3,boxscore,Houston Texans,@,Oakland Raiders,31,24,441,0,363,3,
2010,4,Sun,October 3,boxscore,Green Bay Packers,,Detroit Lions,28,26,261,4,431,3,
2010,4,Sun,October 3,boxscore,Denver Broncos,@,Tennessee Titans,26,20,327,1,288,2,
2010,4,Sun,October 3,boxscore,New Orleans Saints,,Carolina Panthers,16,14,383,2,251,1,
2010,4,Sun,October 3,boxscore,New York Giants,,Chicago Bears,17,3,372,3,110,3,
2010,4,Sun,October 3,boxscore,Cleveland Browns,,Cincinnati Bengals,23,20,295,1,413,2,
2010,4,Sun,October 3,boxscore,Jacksonville Jaguars,,Indianapolis Colts,31,28,337,0,406,2,
2010,4,Sun,October 3,boxscore,San Diego Chargers,,Arizona Cardinals,41,10,419,1,134,3,
2010,4,Mon,October 4,boxscore,New England Patriots,@,Miami Dolphins,41,14,265,0,400,4,
2010,5,Sun,October 10,boxscore,Tennessee Titans,@,Dallas Cowboys,34,27,321,0,511,3,
2010,5,Sun,October 10,boxscore,Arizona Cardinals,,New Orleans Saints,30,20,194,1,358,4,
2010,5,Sun,October 10,boxscore,New York Giants,@,Houston Texans,34,10,414,2,195,2,
2010,5,Sun,October 10,boxscore,Philadelphia Eagles,@,San Francisco 49ers,27,24,352,1,364,5,
2010,5,Sun,October 10,boxscore,Detroit Lions,,St. Louis Rams,44,6,322,0,341,3,
2010,5,Sun,October 10,boxscore,Oakland Raiders,,San Diego Chargers,35,27,279,0,506,3,
2010,5,Sun,October 10,boxscore,Tampa Bay Buccaneers,@,Cincinnati Bengals,24,21,391,3,358,4,
2010,5,Sun,October 10,boxscore,Indianapolis Colts,,Kansas City Chiefs,19,9,341,1,261,1,
2010,5,Sun,October 10,boxscore,Jacksonville Jaguars,@,Buffalo Bills,36,26,381,3,306,0,
2010,5,Sun,October 10,boxscore,Washington Redskins,,Green Bay Packers,16,13,373,1,427,2,
2010,5,Sun,October 10,boxscore,Baltimore Ravens,,Denver Broncos,31,17,415,0,346,1,
2010,5,Sun,October 10,boxscore,Chicago Bears,@,Carolina Panthers,23,6,247,4,147,3,
2010,5,Sun,October 10,boxscore,Atlanta Falcons,@,Cleveland Browns,20,10,338,1,269,3,
2010,5,Mon,October 11,boxscore,New York Jets,,Minnesota Vikings,29,20,328,0,336,3,
2010,6,Sun,October 17,boxscore,New England Patriots,,Baltimore Ravens,23,20,394,2,377,0,
2010,6,Sun,October 17,boxscore,Minnesota Vikings,,Dallas Cowboys,24,21,188,1,314,2,
2010,6,Sun,October 17,boxscore,Seattle Seahawks,@,Chicago Bears,23,20,353,0,307,0,
2010,6,Sun,October 17,boxscore,St. Louis Rams,,San Diego Chargers,20,17,300,0,287,1,
2010,6,Sun,October 17,boxscore,San Francisco 49ers,,Oakland Raiders,17,9,349,0,179,2,
2010,6,Sun,October 17,boxscore,New York Jets,@,Denver Broncos,24,20,319,3,346,2,
2010,6,Sun,October 17,boxscore,New Orleans Saints,@,Tampa Bay Buccaneers,31,6,475,1,277,1,
2010,6,Sun,October 17,boxscore,Miami Dolphins,@,Green Bay Packers,23,20,381,1,359,1,
2010,6,Sun,October 17,boxscore,Houston Texans,,Kansas City Chiefs,35,31,421,0,417,0,
2010,6,Sun,October 17,boxscore,New York Giants,,Detroit Lions,28,20,334,1,366,3,
2010,6,Sun,October 17,boxscore,Philadelphia Eagles,,Atlanta Falcons,31,17,474,1,293,2,
2010,6,Sun,October 17,boxscore,Pittsburgh Steelers,,Cleveland Browns,28,10,378,1,327,3,
2010,6,Sun,October 17,boxscore,Indianapolis Colts,@,Washington Redskins,27,24,469,3,335,2,
2010,6,Mon,October 18,boxscore,Tennessee Titans,@,Jacksonville Jaguars,30,3,324,0,249,4,
2010,7,Sun,October 24,boxscore,Seattle Seahawks,,Arizona Cardinals,22,10,302,1,227,5,
2010,7,Sun,October 24,boxscore,Pittsburgh Steelers,@,Miami Dolphins,23,22,348,2,313,2,
2010,7,Sun,October 24,boxscore,New England Patriots,@,San Diego Chargers,23,20,179,0,363,4,
2010,7,Sun,October 24,boxscore,Baltimore Ravens,,Buffalo Bills,37,34,364,2,514,4,
2010,7,Sun,October 24,boxscore,Carolina Panthers,,San Francisco 49ers,23,20,379,3,282,1,
2010,7,Sun,October 24,boxscore,Tampa Bay Buccaneers,,St. Louis Rams,18,17,313,0,285,1,
2010,7,Sun,October 24,boxscore,Oakland Raiders,@,Denver Broncos,59,14,508,0,240,3,
2010,7,Sun,October 24,boxscore,Green Bay Packers,,Minnesota Vikings,28,24,379,2,402,3,
2010,7,Sun,October 24,boxscore,Kansas City Chiefs,,Jacksonville Jaguars,42,20,426,0,300,3,
2010,7,Sun,October 24,boxscore,Cleveland Browns,@,New Orleans Saints,30,17,210,0,394,4,
2010,7,Sun,October 24,boxscore,Atlanta Falcons,,Cincinnati Bengals,39,32,452,2,469,1,
2010,7,Sun,October 24,boxscore,Washington Redskins,@,Chicago Bears,17,14,308,3,322,6,
2010,7,Sun,October 24,boxscore,Tennessee Titans,,Philadelphia Eagles,37,19,328,3,326,4,
2010,7,Mon,October 25,boxscore,New York Giants,@,Dallas Cowboys,41,35,497,5,254,2,
2010,8,Sun,October 31,boxscore,Tampa Bay Buccaneers,@,Arizona Cardinals,38,35,407,2,396,4,
2010,8,Sun,October 31,boxscore,Detroit Lions,,Washington Redskins,37,25,304,2,275,2,
2010,8,Sun,October 31,boxscore,New England Patriots,,Minnesota Vikings,28,18,362,0,410,1,
2010,8,Sun,October 31,boxscore,Miami Dolphins,@,Cincinnati Bengals,22,14,354,2,262,1,
2010,8,Sun,October 31,boxscore,Jacksonville Jaguars,@,Dallas Cowboys,35,17,387,1,415,4,
2010,8,Sun,October 31,boxscore,St. Louis Rams,,Carolina Panthers,20,10,246,0,201,4,
2010,8,Sun,October 31,boxscore,Kansas City Chiefs,,Buffalo Bills,13,10,414,0,328,1,
2010,8,Sun,October 31,boxscore,San Diego Chargers,,Tennessee Titans,33,25,456,1,370,0,
2010,8,Sun,October 31,boxscore,Green Bay Packers,@,New York Jets,9,0,237,0,360,3,
2010,8,Sun,October 31,boxscore,San Francisco 49ers,,Denver Broncos,24,16,339,0,398,2,
2010,8,Sun,October 31,boxscore,New Orleans Saints,,Pittsburgh Steelers,20,10,318,2,279,2,
2010,8,Sun,October 31,boxscore,Oakland Raiders,,Seattle Seahawks,33,3,545,0,164,1,
2010,8,Mon,November 1,boxscore,Indianapolis Colts,,Houston Texans,30,17,366,0,291,2,
2010,9,Sun,November 7,boxscore,San Diego Chargers,@,Houston Texans,29,23,367,2,392,1,
2010,9,Sun,November 7,boxscore,Atlanta Falcons,,Tampa Bay Buccaneers,27,21,365,0,278,2,
2010,9,Sun,November 7,boxscore,New York Jets,@,Detroit Lions,23,20,437,2,306,0,
2010,9,Sun,November 7,boxscore,New York Giants,@,Seattle Seahawks,41,7,487,1,162,3,
2010,9,Sun,November 7,boxscore,Cleveland Browns,,New England Patriots,34,14,404,1,283,3,
2010,9,Sun,November 7,boxscore,New Orleans Saints,@,Carolina Panthers,34,3,408,1,195,2,
2010,9,Sun,November 7,boxscore,Chicago Bears,@,Buffalo Bills,22,19,283,1,340,3,
2010,9,Sun,November 7,boxscore,Philadelphia Eagles,,Indianapolis Colts,26,24,402,0,338,2,
2010,9,Sun,November 7,boxscore,Minnesota Vikings,,Arizona Cardinals,27,24,507,3,225,1,
2010,9,Sun,November 7,boxscore,Green Bay Packers,,Dallas Cowboys,45,7,415,0,205,4,
2010,9,Sun,November 7,boxscore,Oakland Raiders,,Kansas City Chiefs,23,20,321,3,304,2,
2010,9,Sun,November 7,boxscore,Baltimore Ravens,,Miami Dolphins,26,10,402,0,289,3,
2010,9,Mon,November 8,boxscore,Pittsburgh Steelers,@,Cincinnati Bengals,27,21,314,2,272,2,
2010,10,Thu,November 11,boxscore,Atlanta Falcons,,Baltimore Ravens,26,21,362,0,320,2,
2010,10,Sun,November 14,boxscore,Seattle Seahawks,@,Arizona Cardinals,36,18,490,1,327,2,
2010,10,Sun,November 14,boxscore,San Francisco 49ers,,St. Louis Rams,23,20,421,0,332,0,
2010,10,Sun,November 14,boxscore,Miami Dolphins,,Tennessee Titans,29,17,404,1,259,3,
2010,10,Sun,November 14,boxscore,New York Jets,@,Cleveland Browns,26,20,456,1,303,2,
2010,10,Sun,November 14,boxscore,New England Patriots,@,Pittsburgh Steelers,39,26,453,0,425,1,
2010,10,Sun,November 14,boxscore,Chicago Bears,,Minnesota Vikings,27,13,360,2,240,4,
2010,10,Sun,November 14,boxscore,Denver Broncos,,Kansas City Chiefs,49,29,452,0,484,1,
2010,10,Sun,November 14,boxscore,Tampa Bay Buccaneers,,Carolina Panthers,31,16,421,2,300,1,
2010,10,Sun,November 14,boxscore,Indianapolis Colts,,Cincinnati Bengals,23,17,256,0,341,5,
2010,10,Sun,November 14,boxscore,Dallas Cowboys,@,New York Giants,33,20,427,1,480,3,
2010,10,Sun,November 14,boxscore,Buffalo Bills,,Detroit Lions,14,12,288,1,390,1,
2010,10,Sun,November 14,boxscore,Jacksonville Jaguars,,Houston Texans,31,24,491,0,395,1,
2010,10,Mon,November 15,boxscore,Philadelphia Eagles,@,Washington Redskins,59,28,592,0,375,3,
2010,11,Thu,November 18,boxscore,Chicago Bears,@,Miami Dolphins,16,0,268,1,187,1,
2010,11,Sun,November 21,boxscore,Philadelphia Eagles,,New York Giants,27,17,392,2,208,5,
2010,11,Sun,November 21,boxscore,Pittsburgh Steelers,,Oakland Raiders,35,3,431,1,182,3,
2010,11,Sun,November 21,boxscore,Baltimore Ravens,@,Carolina Panthers,37,13,378,2,270,2,
2010,11,Sun,November 21,boxscore,New Orleans Saints,,Seattle Seahawks,34,19,494,2,424,2,
2010,11,Sun,November 21,boxscore,Tampa Bay Buccaneers,@,San Francisco 49ers,21,0,299,0,189,2,
2010,11,Sun,November 21,boxscore,Washington Redskins,@,Tennessee Titans,19,16,465,1,373,2,
2010,11,Sun,November 21,boxscore,New York Jets,,Houston Texans,30,27,401,2,343,1,
2010,11,Sun,November 21,boxscore,Green Bay Packers,@,Minnesota Vikings,31,3,374,0,300,2,
2010,11,Sun,November 21,boxscore,Dallas Cowboys,,Detroit Lions,35,19,265,1,338,2,
2010,11,Sun,November 21,boxscore,Kansas City Chiefs,,Arizona Cardinals,31,13,352,0,382,0,
2010,11,Sun,November 21,boxscore,New England Patriots,,Indianapolis Colts,31,28,346,0,467,3,
2010,11,Sun,November 21,boxscore,Jacksonville Jaguars,,Cleveland Browns,24,20,371,6,283,1,
2010,11,Sun,November 21,boxscore,Buffalo Bills,@,Cincinnati Bengals,49,31,449,2,361,3,
2010,11,Sun,November 21,boxscore,Atlanta Falcons,@,St. Louis Rams,34,17,391,0,304,1,
2010,11,Mon,November 22,boxscore,San Diego Chargers,,Denver Broncos,35,14,400,1,235,1,
2010,12,Thu,November 25,boxscore,New England Patriots,@,Detroit Lions,45,24,447,0,406,2,
2010,12,Thu,November 25,boxscore,New Orleans Saints,@,Dallas Cowboys,30,27,414,2,457,3,
2010,12,Thu,November 25,boxscore,New York Jets,,Cincinnati Bengals,26,10,319,1,163,3,
2010,12,Sun,November 28,boxscore,Atlanta Falcons,,Green Bay Packers,20,17,294,0,418,1,
2010,12,Sun,November 28,boxscore,Baltimore Ravens,,Tampa Bay Buccaneers,17,10,349,1,263,0,
2010,12,Sun,November 28,boxscore,San Diego Chargers,@,Indianapolis Colts,36,14,301,0,303,5,
2010,12,Sun,November 28,boxscore,St. Louis Rams,@,Denver Broncos,36,33,431,0,449,2,
2010,12,Sun,November 28,boxscore,Pittsburgh Steelers,@,Buffalo Bills,19,16,426,1,329,2,
2010,12,Sun,November 28,boxscore,Chicago Bears,,Philadelphia Eagles,31,26,349,0,398,1,
2010,12,Sun,November 28,boxscore,Houston Texans,,Tennessee Titans,20,0,346,0,162,3,
2010,12,Sun,November 28,boxscore,Cleveland Browns,,Carolina Panthers,24,23,379,3,326,1,
2010,12,Sun,November 28,boxscore,Minnesota Vikings,@,Washington Redskins,17,13,299,0,216,1,
2010,12,Sun,November 28,boxscore,Miami Dolphins,@,Oakland Raiders,33,17,471,1,263,3,
2010,12,Sun,November 28,boxscore,Kansas City Chiefs,@,Seattle Seahawks,42,24,503,1,288,3,
2010,12,Sun,November 28,boxscore,New York Giants,,Jacksonville Jaguars,24,20,361,0,328,2,
2010,12,Mon,November 29,boxscore,San Francisco 49ers,@,Arizona Cardinals,27,6,386,1,203,2,
2010,13,Thu,December 2,boxscore,Philadelphia Eagles,,Houston Texans,34,24,416,1,431,2,
2010,13,Sun,December 5,boxscore,New York Giants,,Washington Redskins,31,7,358,1,338,6,
2010,13,Sun,December 5,boxscore,St. Louis Rams,@,Arizona Cardinals,19,6,288,1,224,2,
2010,13,Sun,December 5,boxscore,Oakland Raiders,@,San Diego Chargers,28,13,368,1,286,2,
2010,13,Sun,December 5,boxscore,Pittsburgh Steelers,@,Baltimore Ravens,13,10,288,1,269,1,
2010,13,Sun,December 5,boxscore,New Orleans Saints,@,Cincinnati Bengals,34,30,436,1,311,0,
2010,13,Sun,December 5,boxscore,Jacksonville Jaguars,@,Tennessee Titans,17,6,377,0,220,2,
2010,13,Sun,December 5,boxscore,Green Bay Packers,,San Francisco 49ers,34,16,410,0,269,1,
2010,13,Sun,December 5,boxscore,Kansas City Chiefs,,Denver Broncos,10,6,359,1,247,1,
2010,13,Sun,December 5,boxscore,Atlanta Falcons,@,Tampa Bay Buccaneers,28,24,290,2,325,1,
2010,13,Sun,December 5,boxscore,Minnesota Vikings,,Buffalo Bills,38,14,387,4,239,5,
2010,13,Sun,December 5,boxscore,Seattle Seahawks,,Carolina Panthers,31,14,371,2,283,1,
2010,13,Sun,December 5,boxscore,Chicago Bears,@,Detroit Lions,24,20,311,1,302,0,
2010,13,Sun,December 5,boxscore,Cleveland Browns,@,Miami Dolphins,13,10,252,0,281,3,
2010,13,Sun,December 5,boxscore,Dallas Cowboys,@,Indianapolis Colts,38,35,368,0,405,4,
2010,13,Mon,December 6,boxscore,New England Patriots,,New York Jets,45,3,405,0,301,3,
2010,14,Thu,December 9,boxscore,Indianapolis Colts,@,Tennessee Titans,30,28,399,0,365,2,
2010,14,Sun,December 12,boxscore,Philadelphia Eagles,@,Dallas Cowboys,30,27,429,2,349,2,
2010,14,Sun,December 12,boxscore,Jacksonville Jaguars,,Oakland Raiders,38,31,385,1,476,2,
2010,14,Sun,December 12,boxscore,New Orleans Saints,,St. Louis Rams,31,13,345,3,327,3,
2010,14,Sun,December 12,boxscore,San Francisco 49ers,,Seattle Seahawks,40,21,336,0,361,5,
2010,14,Sun,December 12,boxscore,Tampa Bay Buccaneers,@,Washington Redskins,17,16,365,2,399,1,
2010,14,Sun,December 12,boxscore,New England Patriots,@,Chicago Bears,36,7,475,0,185,4,
2010,14,Sun,December 12,boxscore,Miami Dolphins,@,New York Jets,10,6,131,3,280,2,
2010,14,Sun,December 12,boxscore,San Diego Chargers,,Kansas City Chiefs,31,0,426,2,67,0,
2010,14,Sun,December 12,boxscore,Atlanta Falcons,@,Carolina Panthers,31,10,327,1,288,2,
2010,14,Sun,December 12,boxscore,Pittsburgh Steelers,,Cincinnati Bengals,23,7,354,0,190,3,
2010,14,Sun,December 12,boxscore,Buffalo Bills,,Cleveland Browns,13,6,323,1,187,3,
2010,14,Sun,December 12,boxscore,Arizona Cardinals,,Denver Broncos,43,13,357,1,288,6,
2010,14,Sun,December 12,boxscore,Detroit Lions,,Green Bay Packers,7,3,286,2,258,3,
2010,14,Mon,December 13,boxscore,Baltimore Ravens,@,Houston Texans,34,28,253,0,489,2,
2010,14,Mon,December 13,boxscore,New York Giants,@,Minnesota Vikings,21,3,395,2,164,1,
2010,15,Thu,December 16,boxscore,San Diego Chargers,,San Francisco 49ers,34,7,374,0,192,1,
2010,15,Sun,December 19,boxscore,Indianapolis Colts,,Jacksonville Jaguars,34,24,376,0,356,2,
2010,15,Sun,December 19,boxscore,Kansas City Chiefs,@,St. Louis Rams,27,13,383,1,224,2,
2010,15,Sun,December 19,boxscore,Baltimore Ravens,,New Orleans Saints,30,24,356,0,269,1,
2010,15,Sun,December 19,boxscore,New York Jets,@,Pittsburgh Steelers,22,17,276,0,377,0,
2010,15,Sun,December 19,boxscore,Philadelphia Eagles,@,New York Giants,38,31,418,3,364,2,
2010,15,Sun,December 19,boxscore,Dallas Cowboys,,Washington Redskins,33,30,434,0,341,3,
2010,15,Sun,December 19,boxscore,Tennessee Titans,,Houston Texans,31,17,359,1,323,1,
2010,15,Sun,December 19,boxscore,New England Patriots,,Green Bay Packers,31,27,249,0,369,2,
2010,15,Sun,December 19,boxscore,Detroit Lions,@,Tampa Bay Buccaneers,23,20,433,0,403,0,
2010,15,Sun,December 19,boxscore,Oakland Raiders,,Denver Broncos,39,23,502,3,235,1,
2010,15,Sun,December 19,boxscore,Carolina Panthers,,Arizona Cardinals,19,12,303,1,218,2,
2010,15,Sun,December 19,boxscore,Cincinnati Bengals,,Cleveland Browns,19,17,397,0,278,0,
2010,15,Sun,December 19,boxscore,Buffalo Bills,@,Miami Dolphins,17,14,282,1,326,2,
2010,15,Sun,December 19,boxscore,Atlanta Falcons,@,Seattle Seahawks,34,18,266,1,234,3,
2010,15,Mon,December 20,boxscore,Chicago Bears,@,Minnesota Vikings,40,14,293,1,273,5,
2010,16,Thu,December 23,boxscore,Pittsburgh Steelers,,Carolina Panthers,27,3,408,2,119,2,
2010,16,Sat,December 25,boxscore,Arizona Cardinals,,Dallas Cowboys,27,26,271,0,382,3,
2010,16,Sun,December 26,boxscore,Washington Redskins,@,Jacksonville Jaguars,20,17,251,1,336,2,
2010,16,Sun,December 26,boxscore,St. Louis Rams,,San Francisco 49ers,25,17,335,1,331,2,
2010,16,Sun,December 26,boxscore,Tampa Bay Buccaneers,,Seattle Seahawks,38,15,439,0,174,0,
2010,16,Sun,December 26,boxscore,Cincinnati Bengals,,San Diego Chargers,34,20,371,1,313,2,
2010,16,Sun,December 26,boxscore,Baltimore Ravens,@,Cleveland Browns,20,10,258,1,280,4,
2010,16,Sun,December 26,boxscore,Kansas City Chiefs,,Tennessee Titans,34,14,458,2,270,2,
2010,16,Sun,December 26,boxscore,Chicago Bears,,New York Jets,38,34,322,1,393,2,
2010,16,Sun,December 26,boxscore,Green Bay Packers,,New York Giants,45,17,515,1,386,6,
2010,16,Sun,December 26,boxscore,Indianapolis Colts,@,Oakland Raiders,31,26,370,2,290,0,
2010,16,Sun,December 26,boxscore,Detroit Lions,@,Miami Dolphins,34,27,275,0,425,3,
2010,16,Sun,December 26,boxscore,Denver Broncos,,Houston Texans,24,23,431,1,401,1,
2010,16,Sun,December 26,boxscore,New England Patriots,@,Buffalo Bills,34,3,348,0,369,7,
2010,16,Mon,December 27,boxscore,New Orleans Saints,@,Atlanta Falcons,17,14,368,2,215,2,
2010,16,Tue,December 28,boxscore,Minnesota Vikings,@,Philadelphia Eagles,24,14,337,1,331,3,
2010,17,Sun,January 2,boxscore,New York Giants,@,Washington Redskins,17,14,325,1,403,4,
2010,17,Sun,January 2,boxscore,Indianapolis Colts,,Tennessee Titans,23,20,358,1,341,1,
2010,17,Sun,January 2,boxscore,Pittsburgh Steelers,@,Cleveland Browns,41,9,418,0,225,3,
2010,17,Sun,January 2,boxscore,Oakland Raiders,@,Kansas City Chiefs,31,10,344,1,201,2,
2010,17,Sun,January 2,boxscore,Seattle Seahawks,,St. Louis Rams,16,6,333,1,184,1,
2010,17,Sun,January 2,boxscore,San Diego Chargers,@,Denver Broncos,33,28,447,1,337,2,
2010,17,Sun,January 2,boxscore,Tampa Bay Buccaneers,@,New Orleans Saints,23,13,317,2,305,3,
2010,17,Sun,January 2,boxscore,Detroit Lions,,Minnesota Vikings,20,13,357,2,211,1,
2010,17,Sun,January 2,boxscore,New England Patriots,,Miami Dolphins,38,7,502,1,250,2,
2010,17,Sun,January 2,boxscore,New York Jets,,Buffalo Bills,38,7,388,1,162,6,
2010,17,Sun,January 2,boxscore,Atlanta Falcons,,Carolina Panthers,31,10,352,1,291,2,
2010,17,Sun,January 2,boxscore,Green Bay Packers,,Chicago Bears,10,3,284,2,227,2,
2010,17,Sun,January 2,boxscore,Baltimore Ravens,,Cincinnati Bengals,13,7,199,2,395,5,
2010,17,Sun,January 2,boxscore,San Francisco 49ers,,Arizona Cardinals,38,7,362,0,279,2,
2010,17,Sun,January 2,boxscore,Dallas Cowboys,@,Philadelphia Eagles,14,13,272,1,244,4,
2010,17,Sun,January 2,boxscore,Houston Texans,,Jacksonville Jaguars,34,17,497,0,322,2,
2010,,,Playoffs,,,,,,,,,,,
2010,WildCard,Sat,January 8,boxscore,Seattle Seahawks,,New Orleans Saints,41,36,415,1,474,1,
2010,WildCard,Sat,January 8,boxscore,New York Jets,@,Indianapolis Colts,17,16,353,1,312,0,
2010,WildCard,Sun,January 9,boxscore,Green Bay Packers,@,Philadelphia Eagles,21,16,309,2,352,1,
2010,WildCard,Sun,January 9,boxscore,Baltimore Ravens,@,Kansas City Chiefs,30,7,390,2,161,5,
2010,Division,Sat,January 15,boxscore,Pittsburgh Steelers,,Baltimore Ravens,31,24,263,2,126,3,
2010,Division,Sat,January 15,boxscore,Green Bay Packers,@,Atlanta Falcons,48,21,442,1,194,4,
2010,Division,Sun,January 16,boxscore,New York Jets,@,New England Patriots,28,21,314,0,372,1,
2010,Division,Sun,January 16,boxscore,Chicago Bears,,Seattle Seahawks,35,24,437,1,276,0,
2010,ConfChamp,Sun,January 23,boxscore,Green Bay Packers,@,Chicago Bears,21,14,356,2,301,3,
2010,ConfChamp,Sun,January 23,boxscore,Pittsburgh Steelers,,New York Jets,24,19,287,2,289,1,
2010,SuperBowl,Sun,February 6,boxscore,Green Bay Packers,N,Pittsburgh Steelers,31,25,338,0,387,3,
