2015,Week,Day,Date,,Winner/tie,,Loser/tie,PtsW,PtsL,YdsW,TOW,YdsL,TOL,
2015,1,Thu,September 10,boxscore,New England Patriots,,Pittsburgh Steelers,28,21,361,0,464,1,
2015,1,Sun,September 13,boxscore,San Diego Chargers,,Detroit Lions,33,28,483,3,302,2,
2015,1,Sun,September 13,boxscore,Buffalo Bills,,Indianapolis Colts,27,14,342,0,304,3,
2015,1,Sun,September 13,boxscore,New York Jets,,Cleveland Browns,31,10,333,1,321,5,
2015,1,Sun,September 13,boxscore,Cincinnati Bengals,@,Oakland Raiders,33,13,396,0,246,2,
2015,1,Sun,September 13,boxscore,Arizona Cardinals,,New Orleans Saints,31,19,427,1,408,1,
2015,1,Sun,September 13,boxscore,Carolina Panthers,@,Jacksonville Jaguars,20,9,263,1,265,3,
2015,1,Sun,September 13,boxscore,Denver Broncos,,Baltimore Ravens,19,13,219,1,173,2,
2015,1,Sun,September 13,boxscore,Dallas Cowboys,,New York Giants,27,26,436,3,289,0,
2015,1,Sun,September 13,boxscore,St. Louis Rams,,Seattle Seahawks,34,31,352,3,343,1,
2015,1,Sun,September 13,boxscore,Kansas City Chiefs,@,Houston Texans,27,20,330,0,396,2,
2015,1,Sun,September 13,boxscore,Green Bay Packers,@,Chicago Bears,31,23,322,0,402,1,
2015,1,Sun,September 13,boxscore,Miami Dolphins,@,Washington Redskins,17,10,256,1,349,2,
2015,1,Sun,September 13,boxscore,Tennessee Titans,@,Tampa Bay Buccaneers,42,14,309,1,273,2,
2015,1,Mon,September 14,boxscore,San Francisco 49ers,,Minnesota Vikings,20,3,395,1,248,1,
2015,1,Mon,September 14,boxscore,Atlanta Falcons,,Philadelphia Eagles,26,24,395,2,399,2,
2015,2,Thu,September 17,boxscore,Denver Broncos,@,Kansas City Chiefs,31,24,299,1,314,5,
2015,2,Sun,September 20,boxscore,Atlanta Falcons,@,New York Giants,24,20,402,0,388,1,
2015,2,Sun,September 20,boxscore,Tampa Bay Buccaneers,@,New Orleans Saints,26,19,333,2,323,3,
2015,2,Sun,September 20,boxscore,Washington Redskins,,St. Louis Rams,24,10,373,1,213,0,
2015,2,Sun,September 20,boxscore,Carolina Panthers,,Houston Texans,24,17,350,1,300,1,
2015,2,Sun,September 20,boxscore,Minnesota Vikings,,Detroit Lions,26,16,350,1,323,3,
2015,2,Sun,September 20,boxscore,Cincinnati Bengals,,San Diego Chargers,24,19,389,2,354,3,
2015,2,Sun,September 20,boxscore,Cleveland Browns,,Tennessee Titans,28,14,274,0,385,3,
2015,2,Sun,September 20,boxscore,Jacksonville Jaguars,,Miami Dolphins,23,20,396,0,386,0,
2015,2,Sun,September 20,boxscore,Dallas Cowboys,@,Philadelphia Eagles,20,10,359,2,226,3,
2015,2,Sun,September 20,boxscore,Pittsburgh Steelers,,San Francisco 49ers,43,18,453,0,409,1,
2015,2,Sun,September 20,boxscore,Arizona Cardinals,@,Chicago Bears,48,23,300,2,335,2,
2015,2,Sun,September 20,boxscore,Green Bay Packers,,Seattle Seahawks,27,17,361,1,324,2,
2015,2,Sun,September 20,boxscore,Oakland Raiders,,Baltimore Ravens,37,33,448,1,493,2,
2015,2,Sun,September 20,boxscore,New England Patriots,@,Buffalo Bills,40,32,507,2,349,3,
2015,2,Mon,September 21,boxscore,New York Jets,@,Indianapolis Colts,20,7,344,1,343,5,
2015,3,Thu,September 24,boxscore,New York Giants,,Washington Redskins,32,21,363,0,393,3,
2015,3,Sun,September 27,boxscore,Carolina Panthers,,New Orleans Saints,27,22,431,0,380,2,
2015,3,Sun,September 27,boxscore,Philadelphia Eagles,@,New York Jets,24,17,231,1,323,4,
2015,3,Sun,September 27,boxscore,Pittsburgh Steelers,@,St. Louis Rams,12,6,259,1,258,1,
2015,3,Sun,September 27,boxscore,Houston Texans,,Tampa Bay Buccaneers,19,9,413,1,318,1,
2015,3,Sun,September 27,boxscore,Arizona Cardinals,,San Francisco 49ers,47,7,446,1,156,4,
2015,3,Sun,September 27,boxscore,Atlanta Falcons,@,Dallas Cowboys,39,28,438,0,347,1,
2015,3,Sun,September 27,boxscore,New England Patriots,,Jacksonville Jaguars,51,17,471,0,293,1,
2015,3,Sun,September 27,boxscore,Denver Broncos,@,Detroit Lions,24,12,354,2,290,3,
2015,3,Sun,September 27,boxscore,Cincinnati Bengals,@,Baltimore Ravens,28,24,458,2,398,1,
2015,3,Sun,September 27,boxscore,Indianapolis Colts,@,Tennessee Titans,35,33,378,2,433,2,
2015,3,Sun,September 27,boxscore,Seattle Seahawks,,Chicago Bears,26,0,371,0,146,0,
2015,3,Sun,September 27,boxscore,Oakland Raiders,@,Cleveland Browns,27,20,469,1,355,2,
2015,3,Sun,September 27,boxscore,Minnesota Vikings,,San Diego Chargers,31,14,284,1,369,2,
2015,3,Sun,September 27,boxscore,Buffalo Bills,@,Miami Dolphins,41,14,428,0,391,3,
2015,3,Mon,September 28,boxscore,Green Bay Packers,,Kansas City Chiefs,38,28,448,0,326,1,
2015,4,Thu,October 1,boxscore,Baltimore Ravens,@,Pittsburgh Steelers,23,20,356,2,263,0,
2015,4,Sun,October 4,boxscore,New York Giants,@,Buffalo Bills,24,10,303,1,313,2,
2015,4,Sun,October 4,boxscore,New Orleans Saints,,Dallas Cowboys,26,20,438,0,335,0,
2015,4,Sun,October 4,boxscore,Denver Broncos,,Minnesota Vikings,23,20,344,2,325,1,
2015,4,Sun,October 4,boxscore,San Diego Chargers,,Cleveland Browns,30,27,438,0,432,1,
2015,4,Sun,October 4,boxscore,Cincinnati Bengals,,Kansas City Chiefs,36,21,445,0,461,1,
2015,4,Sun,October 4,boxscore,Indianapolis Colts,,Jacksonville Jaguars,16,13,326,2,431,0,
2015,4,Sun,October 4,boxscore,Atlanta Falcons,,Houston Texans,48,21,378,0,428,4,
2015,4,Sun,October 4,boxscore,New York Jets,@,Miami Dolphins,27,14,425,1,226,2,
2015,4,Sun,October 4,boxscore,Chicago Bears,,Oakland Raiders,22,20,371,3,243,2,
2015,4,Sun,October 4,boxscore,Carolina Panthers,@,Tampa Bay Buccaneers,37,23,244,1,411,5,
2015,4,Sun,October 4,boxscore,Green Bay Packers,@,San Francisco 49ers,17,3,362,0,196,1,
2015,4,Sun,October 4,boxscore,St. Louis Rams,@,Arizona Cardinals,24,22,328,0,447,3,
2015,4,Sun,October 4,boxscore,Washington Redskins,,Philadelphia Eagles,23,20,417,1,320,2,
2015,4,Mon,October 5,boxscore,Seattle Seahawks,,Detroit Lions,13,10,345,3,256,1,
2015,5,Thu,October 8,boxscore,Indianapolis Colts,@,Houston Texans,27,20,323,0,444,2,
2015,5,Sun,October 11,boxscore,Cleveland Browns,@,Baltimore Ravens,33,30,505,0,377,0,
2015,5,Sun,October 11,boxscore,Cincinnati Bengals,,Seattle Seahawks,27,24,419,2,397,1,
2015,5,Sun,October 11,boxscore,Buffalo Bills,@,Tennessee Titans,14,13,209,1,276,1,
2015,5,Sun,October 11,boxscore,New York Giants,,San Francisco 49ers,30,27,525,1,380,0,
2015,5,Sun,October 11,boxscore,Philadelphia Eagles,,New Orleans Saints,39,17,519,2,388,4,
2015,5,Sun,October 11,boxscore,Denver Broncos,@,Oakland Raiders,16,10,297,2,288,3,
2015,5,Sun,October 11,boxscore,Arizona Cardinals,@,Detroit Lions,42,17,345,0,435,6,
2015,5,Sun,October 11,boxscore,Atlanta Falcons,,Washington Redskins,25,19,418,3,270,2,
2015,5,Sun,October 11,boxscore,Green Bay Packers,,St. Louis Rams,24,10,322,3,334,4,
2015,5,Sun,October 11,boxscore,Tampa Bay Buccaneers,,Jacksonville Jaguars,38,31,369,0,325,2,
2015,5,Sun,October 11,boxscore,New England Patriots,@,Dallas Cowboys,30,6,356,0,264,2,
2015,5,Sun,October 11,boxscore,Chicago Bears,@,Kansas City Chiefs,18,17,328,1,287,0,
2015,5,Mon,October 12,boxscore,Pittsburgh Steelers,@,San Diego Chargers,24,20,349,1,406,2,
2015,6,Thu,October 15,boxscore,New Orleans Saints,,Atlanta Falcons,31,21,385,0,413,3,
2015,6,Sun,October 18,boxscore,New York Jets,,Washington Redskins,34,20,474,3,225,2,
2015,6,Sun,October 18,boxscore,Carolina Panthers,@,Seattle Seahawks,27,23,383,2,334,0,
2015,6,Sun,October 18,boxscore,Miami Dolphins,@,Tennessee Titans,38,10,434,2,299,4,
2015,6,Sun,October 18,boxscore,Green Bay Packers,,San Diego Chargers,27,20,370,0,548,1,
2015,6,Sun,October 18,boxscore,San Francisco 49ers,,Baltimore Ravens,25,20,391,0,420,2,
2015,6,Sun,October 18,boxscore,Houston Texans,@,Jacksonville Jaguars,31,20,382,0,394,3,
2015,6,Sun,October 18,boxscore,Cincinnati Bengals,@,Buffalo Bills,34,21,355,0,368,1,
2015,6,Sun,October 18,boxscore,Pittsburgh Steelers,,Arizona Cardinals,25,13,310,0,469,3,
2015,6,Sun,October 18,boxscore,Minnesota Vikings,,Kansas City Chiefs,16,10,321,2,328,1,
2015,6,Sun,October 18,boxscore,New England Patriots,@,Indianapolis Colts,34,27,417,1,409,0,
2015,6,Sun,October 18,boxscore,Detroit Lions,,Chicago Bears,37,34,546,3,444,1,
2015,6,Sun,October 18,boxscore,Denver Broncos,@,Cleveland Browns,26,23,442,3,298,3,
2015,6,Mon,October 19,boxscore,Philadelphia Eagles,,New York Giants,27,7,428,4,247,3,
2015,7,Thu,October 22,boxscore,Seattle Seahawks,@,San Francisco 49ers,20,3,388,2,142,0,
2015,7,Sun,October 25,boxscore,New York Giants,,Dallas Cowboys,27,20,289,0,460,4,
2015,7,Sun,October 25,boxscore,Washington Redskins,,Tampa Bay Buccaneers,31,30,355,1,479,1,
2015,7,Sun,October 25,boxscore,Oakland Raiders,@,San Diego Chargers,37,29,412,0,417,2,
2015,7,Sun,October 25,boxscore,Carolina Panthers,,Philadelphia Eagles,27,16,394,3,349,1,
2015,7,Sun,October 25,boxscore,New England Patriots,,New York Jets,30,23,353,0,372,1,
2015,7,Sun,October 25,boxscore,Miami Dolphins,,Houston Texans,44,26,503,1,322,1,
2015,7,Sun,October 25,boxscore,St. Louis Rams,,Cleveland Browns,24,6,308,1,364,4,
2015,7,Sun,October 25,boxscore,New Orleans Saints,@,Indianapolis Colts,27,21,449,1,376,3,
2015,7,Sun,October 25,boxscore,Atlanta Falcons,@,Tennessee Titans,10,7,378,2,256,2,
2015,7,Sun,October 25,boxscore,Kansas City Chiefs,,Pittsburgh Steelers,23,13,377,0,339,3,
2015,7,Sun,October 25,boxscore,Minnesota Vikings,@,Detroit Lions,28,19,425,1,274,0,
2015,7,Sun,October 25,boxscore,Jacksonville Jaguars,,Buffalo Bills,34,31,295,1,375,4,
2015,7,Mon,October 26,boxscore,Arizona Cardinals,,Baltimore Ravens,26,18,414,0,276,2,
2015,8,Thu,October 29,boxscore,New England Patriots,,Miami Dolphins,36,7,437,0,270,2,
2015,8,Sun,November 1,boxscore,Minnesota Vikings,@,Chicago Bears,23,20,327,1,305,0,
2015,8,Sun,November 1,boxscore,Oakland Raiders,,New York Jets,34,20,451,0,366,1,
2015,8,Sun,November 1,boxscore,Seattle Seahawks,@,Dallas Cowboys,13,12,323,1,220,0,
2015,8,Sun,November 1,boxscore,St. Louis Rams,,San Francisco 49ers,27,6,388,1,189,0,
2015,8,Sun,November 1,boxscore,Cincinnati Bengals,@,Pittsburgh Steelers,16,10,296,2,356,3,
2015,8,Sun,November 1,boxscore,Denver Broncos,,Green Bay Packers,29,10,500,1,140,0,
2015,8,Sun,November 1,boxscore,Kansas City Chiefs,,Detroit Lions,45,10,340,0,276,2,
2015,8,Sun,November 1,boxscore,Houston Texans,,Tennessee Titans,20,6,270,0,211,3,
2015,8,Sun,November 1,boxscore,Baltimore Ravens,,San Diego Chargers,29,26,365,0,371,0,
2015,8,Sun,November 1,boxscore,Arizona Cardinals,@,Cleveland Browns,34,20,491,4,254,2,
2015,8,Sun,November 1,boxscore,Tampa Bay Buccaneers,@,Atlanta Falcons,23,20,290,0,496,4,
2015,8,Sun,November 1,boxscore,New Orleans Saints,,New York Giants,52,49,608,2,416,1,
2015,8,Mon,November 2,boxscore,Carolina Panthers,,Indianapolis Colts,29,26,379,3,359,4,
2015,9,Thu,November 5,boxscore,Cincinnati Bengals,,Cleveland Browns,31,10,371,0,213,0,
2015,9,Sun,November 8,boxscore,New England Patriots,,Washington Redskins,27,10,460,2,250,2,
2015,9,Sun,November 8,boxscore,Minnesota Vikings,,St. Louis Rams,21,18,293,1,320,0,
2015,9,Sun,November 8,boxscore,Buffalo Bills,,Miami Dolphins,33,17,420,0,397,1,
2015,9,Sun,November 8,boxscore,Philadelphia Eagles,@,Dallas Cowboys,33,27,459,0,411,1,
2015,9,Sun,November 8,boxscore,Carolina Panthers,,Green Bay Packers,37,29,427,1,402,2,
2015,9,Sun,November 8,boxscore,New York Jets,,Jacksonville Jaguars,28,23,290,0,436,4,
2015,9,Sun,November 8,boxscore,Indianapolis Colts,,Denver Broncos,27,24,365,0,309,2,
2015,9,Sun,November 8,boxscore,New York Giants,@,Tampa Bay Buccaneers,32,18,327,2,383,3,
2015,9,Sun,November 8,boxscore,Pittsburgh Steelers,,Oakland Raiders,38,35,597,2,440,4,
2015,9,Sun,November 8,boxscore,San Francisco 49ers,,Atlanta Falcons,17,16,318,2,302,0,
2015,9,Sun,November 8,boxscore,Tennessee Titans,@,New Orleans Saints,34,28,483,1,416,2,
2015,9,Mon,November 9,boxscore,Chicago Bears,@,San Diego Chargers,22,19,446,2,339,1,
2015,10,Thu,November 12,boxscore,Buffalo Bills,@,New York Jets,22,17,280,0,318,4,
2015,10,Sun,November 15,boxscore,Carolina Panthers,@,Tennessee Titans,27,10,303,0,242,2,
2015,10,Sun,November 15,boxscore,New England Patriots,@,New York Giants,27,26,406,2,422,1,
2015,10,Sun,November 15,boxscore,Arizona Cardinals,@,Seattle Seahawks,39,32,451,3,343,1,
2015,10,Sun,November 15,boxscore,Jacksonville Jaguars,@,Baltimore Ravens,22,20,258,1,397,4,
2015,10,Sun,November 15,boxscore,Chicago Bears,@,St. Louis Rams,37,13,397,2,285,2,
2015,10,Sun,November 15,boxscore,Tampa Bay Buccaneers,,Dallas Cowboys,10,6,327,2,216,1,
2015,10,Sun,November 15,boxscore,Minnesota Vikings,@,Oakland Raiders,30,14,385,0,371,2,
2015,10,Sun,November 15,boxscore,Kansas City Chiefs,@,Denver Broncos,29,13,303,0,221,5,
2015,10,Sun,November 15,boxscore,Miami Dolphins,@,Philadelphia Eagles,20,19,289,0,436,1,
2015,10,Sun,November 15,boxscore,Detroit Lions,@,Green Bay Packers,18,16,287,1,372,0,
2015,10,Sun,November 15,boxscore,Washington Redskins,,New Orleans Saints,47,14,510,0,350,2,
2015,10,Sun,November 15,boxscore,Pittsburgh Steelers,,Cleveland Browns,30,9,459,2,342,3,
2015,10,Mon,November 16,boxscore,Houston Texans,@,Cincinnati Bengals,10,6,256,1,256,2,
2015,11,Thu,November 19,boxscore,Jacksonville Jaguars,,Tennessee Titans,19,13,308,2,316,1,
2015,11,Sun,November 22,boxscore,Tampa Bay Buccaneers,@,Philadelphia Eagles,45,17,521,1,383,4,
2015,11,Sun,November 22,boxscore,Indianapolis Colts,@,Atlanta Falcons,24,21,276,3,375,4,
2015,11,Sun,November 22,boxscore,Green Bay Packers,@,Minnesota Vikings,30,13,320,0,342,1,
2015,11,Sun,November 22,boxscore,Seattle Seahawks,,San Francisco 49ers,29,13,508,0,306,0,
2015,11,Sun,November 22,boxscore,Denver Broncos,@,Chicago Bears,17,15,389,0,347,2,
2015,11,Sun,November 22,boxscore,Arizona Cardinals,,Cincinnati Bengals,34,31,383,2,377,1,
2015,11,Sun,November 22,boxscore,Dallas Cowboys,@,Miami Dolphins,24,14,386,2,210,1,
2015,11,Sun,November 22,boxscore,Detroit Lions,,Oakland Raiders,18,13,375,0,216,0,
2015,11,Sun,November 22,boxscore,Carolina Panthers,,Washington Redskins,44,16,368,0,186,5,
2015,11,Sun,November 22,boxscore,Baltimore Ravens,,St. Louis Rams,16,13,388,2,213,4,
2015,11,Sun,November 22,boxscore,Houston Texans,,New York Jets,24,17,364,1,267,2,
2015,11,Sun,November 22,boxscore,Kansas City Chiefs,@,San Diego Chargers,33,3,385,0,201,2,
2015,11,Mon,November 23,boxscore,New England Patriots,,Buffalo Bills,20,13,356,1,319,1,
2015,12,Thu,November 26,boxscore,Carolina Panthers,@,Dallas Cowboys,33,14,294,0,210,3,
2015,12,Thu,November 26,boxscore,Detroit Lions,,Philadelphia Eagles,45,14,430,0,227,1,
2015,12,Thu,November 26,boxscore,Chicago Bears,@,Green Bay Packers,17,13,290,0,365,2,
2015,12,Sun,November 29,boxscore,Seattle Seahawks,,Pittsburgh Steelers,39,30,436,0,538,4,
2015,12,Sun,November 29,boxscore,New York Jets,,Miami Dolphins,38,20,411,0,333,2,
2015,12,Sun,November 29,boxscore,Arizona Cardinals,@,San Francisco 49ers,19,13,337,0,368,2,
2015,12,Sun,November 29,boxscore,Minnesota Vikings,@,Atlanta Falcons,20,10,365,1,329,3,
2015,12,Sun,November 29,boxscore,Kansas City Chiefs,,Buffalo Bills,30,22,413,0,415,2,
2015,12,Sun,November 29,boxscore,San Diego Chargers,@,Jacksonville Jaguars,31,25,369,0,420,1,
2015,12,Sun,November 29,boxscore,Oakland Raiders,@,Tennessee Titans,24,21,407,2,249,2,
2015,12,Sun,November 29,boxscore,Denver Broncos,,New England Patriots,30,24,433,1,301,1,
2015,12,Sun,November 29,boxscore,Houston Texans,,New Orleans Saints,24,6,362,1,268,1,
2015,12,Sun,November 29,boxscore,Washington Redskins,,New York Giants,20,14,407,0,332,3,
2015,12,Sun,November 29,boxscore,Indianapolis Colts,,Tampa Bay Buccaneers,25,12,336,0,344,1,
2015,12,Sun,November 29,boxscore,Cincinnati Bengals,,St. Louis Rams,31,7,376,1,345,3,
2015,12,Mon,November 30,boxscore,Baltimore Ravens,@,Cleveland Browns,33,27,336,2,338,0,
2015,13,Thu,December 3,boxscore,Green Bay Packers,@,Detroit Lions,27,23,313,1,306,1,
2015,13,Sun,December 6,boxscore,Tampa Bay Buccaneers,,Atlanta Falcons,23,19,388,2,319,1,
2015,13,Sun,December 6,boxscore,Cincinnati Bengals,@,Cleveland Browns,37,3,377,0,273,2,
2015,13,Sun,December 6,boxscore,Carolina Panthers,@,New Orleans Saints,41,38,497,3,334,1,
2015,13,Sun,December 6,boxscore,Arizona Cardinals,@,St. Louis Rams,27,3,524,0,212,1,
2015,13,Sun,December 6,boxscore,Tennessee Titans,,Jacksonville Jaguars,42,39,467,2,383,1,
2015,13,Sun,December 6,boxscore,Seattle Seahawks,@,Minnesota Vikings,38,7,433,1,125,1,
2015,13,Sun,December 6,boxscore,Kansas City Chiefs,@,Oakland Raiders,34,20,232,2,361,3,
2015,13,Sun,December 6,boxscore,Miami Dolphins,,Baltimore Ravens,15,13,219,1,375,2,
2015,13,Sun,December 6,boxscore,New York Jets,@,New York Giants,23,20,463,1,355,1,
2015,13,Sun,December 6,boxscore,Denver Broncos,@,San Diego Chargers,17,3,293,1,272,3,
2015,13,Sun,December 6,boxscore,Pittsburgh Steelers,,Indianapolis Colts,45,10,522,2,240,3,
2015,13,Sun,December 6,boxscore,Buffalo Bills,,Houston Texans,30,21,390,0,401,1,
2015,13,Sun,December 6,boxscore,Philadelphia Eagles,@,New England Patriots,35,28,248,1,427,2,
2015,13,Sun,December 6,boxscore,San Francisco 49ers,@,Chicago Bears,26,20,291,0,364,1,
2015,13,Mon,December 7,boxscore,Dallas Cowboys,@,Washington Redskins,19,16,318,3,266,1,
2015,14,Thu,December 10,boxscore,Arizona Cardinals,,Minnesota Vikings,23,20,393,0,389,3,
