Tm,W,L,T,W-L%,PF,PA,PD,MoV,SoS,SRS,OSRS,DSRS,Rk,Tm,G,PF,Yds,Ply,Y/P,TO,FL,1stD,Cmp,Att,Yds,TD,Int,NY/A,1stD,Att,Yds,TD,Y/A,1stD,Pen,Yds,1stPy,Sc%,TO%,EXP,Rk,Tm,G,Cmp,Att,Cmp%,Yds,TD,TD%,Int,Int%,Lng,Y/A,AY/A,Y/C,Y/G,Rate,QBR,Sk,Yds,NY/A,ANY/A,Sk%,4QC,GWD,EXP,Rk,Tm,G,Att,Yds,TD,Lng,Y/A,Y/G,Fmb,EXP,Rk,Tm,G,Ret,Yds,TD,Lng,Y/R,Rt,Yds,TD,Lng,Y/Rt,APYd,Rk,Tm,G,FGA,FGM,FGA,FGM,FGA,FGM,FGA,FGM,FGA,FGM,FGA,FGM,FG%,XPA,XPM,XP%,Pnt,Yds,Lng,Blck,Y/P,Rk,Tm,G,RshTD,RecTD,PR TD,KR TD,FblTD,IntTD,OthTD,AllTD,2PM,2PA,XPM,XPA,FGM,FGA,Sfty,Pts,Pts/G,Rk,Tm,G,#Dr,Plays,Sc%,TO%,Plays,Yds,Start,Time,Pts
Arizona Cardinals,5,11,0,0.313,289,434,-145,-9.1,-3.6,-12.7,-5.6,-7.1,27,Arizona Cardinals,16,289,4309,931,4.6,35,16,241,285,561,2921,10,19,4.8,154,320,1388,9,4.3,67,108,870,20,23.7,15.8,-170.67,31,Arizona Cardinals,16,285,561,50.8,2921,10,1.8,19,3.4,74,5.8,4.7,11.5,182.6,60.5,,50,343,4.8,3.7,8.2,2,3,-140.71,32,Arizona Cardinals,16,320,1388,9,80,4.3,86.8,33,-23.61,1,Arizona Cardinals,16,42,294,0,25,7,84,2084,2,102,24.8,7132,11,Arizona Cardinals,16,,,8,8,6,6,10,8,3,2,27,24,88.9%,29,29,100.0%,94,4080,65,0,43.4,27,Arizona Cardinals,16,9,10,,2,7,3,,31,1,2,29,29,24,27,,289,18.1,13,Arizona Cardinals,16,190,958,23.7,15.8,5,22.7,Own 29.7,2:13,1.15
Atlanta Falcons,13,3,0,0.813,414,288,126,7.9,-1.8,6.1,3.8,2.2,5,Atlanta Falcons,16,414,5458,1097,5,17,8,353,361,577,3567,28,9,5.9,200,497,1891,14,3.8,111,58,598,42,39.3,9,87.95,15,Atlanta Falcons,16,361,577,62.6,3567,28,4.9,9,1.6,46,6.5,6.7,10.3,222.9,90.8,,23,158,5.9,6.2,3.8,5,6,118.37,12,Atlanta Falcons,16,497,1891,14,55,3.8,118.2,12,-27.41,32,Atlanta Falcons,16,19,230,1,55,12.1,46,1221,1,102,26.5,7075,9,Atlanta Falcons,16,,,11,11,9,8,10,8,1,1,31,28,90.3%,44,44,100.0%,75,3015,61,1,40.2,5,Atlanta Falcons,16,14,28,1,1,1,2,,47,2,3,44,44,28,31,,414,25.9,27,Atlanta Falcons,16,178,1128,39.3,9,6.3,30.7,Own 31.1,2:57,2.12
Baltimore Ravens,12,4,0,0.75,357,270,87,5.4,1,6.4,0.9,5.5,16,Baltimore Ravens,16,357,5166,1018,5.1,20,10,303,308,491,3335,25,10,6.3,175,487,1831,11,3.8,97,90,673,31,32.8,9.5,22.55,20,Baltimore Ravens,16,308,491,62.7,3335,25,5.1,10,2,67,7.4,7.5,11.8,208.4,93.6,,40,294,6.3,6.4,7.5,2,4,89.23,14,Baltimore Ravens,16,487,1831,11,50,3.8,114.4,22,-54.86,19,Baltimore Ravens,16,43,319,0,35,7.4,55,1357,1,103,24.7,7128,12,Baltimore Ravens,16,,,11,11,9,8,8,7,1,,29,26,89.7%,39,39,100.0%,81,3532,60,0,43.6,16,Baltimore Ravens,16,11,25,,1,,3,,40,,0,39,39,26,29,,357,22.3,16,Baltimore Ravens,16,189,1047,32.8,9.5,5.5,27.2,Own 29.8,2:39,1.75
Buffalo Bills,4,12,0,0.25,283,425,-142,-8.9,4.3,-4.6,-1.5,-3.1,28,Buffalo Bills,16,283,4878,954,5.1,39,18,263,296,519,3158,24,21,5.7,166,401,1720,6,4.3,82,82,633,15,25.3,19.2,-85.67,24,Buffalo Bills,16,296,519,57,3158,24,4.6,21,4,65,6.5,5.6,11.4,197.4,75.2,,34,213,5.7,4.9,6.1,1,1,-43.29,18,Buffalo Bills,16,401,1720,6,39,4.3,107.5,33,-31.93,14,Buffalo Bills,16,32,336,0,34,10.5,69,1458,1,95,21.1,6943,31,Buffalo Bills,16,1,1,6,6,6,5,3,2,5,2,21,16,76.2%,32,31,96.9%,75,3180,61,0,42.4,28,Buffalo Bills,16,6,24,,1,1,2,,34,,2,31,32,16,21,,283,17.7,22,Buffalo Bills,16,182,975,25.3,19.2,5.4,26.8,Own 29.2,2:31,1.42
Carolina Panthers,2,14,0,0.125,196,408,-212,-13.3,0.1,-13.2,-9.1,-4.1,32,Carolina Panthers,16,196,4135,962,4.3,37,16,225,256,484,2289,9,21,4.3,125,428,1846,7,4.3,78,106,918,22,20.8,17.8,-219.41,32,Carolina Panthers,16,256,484,52.9,2289,9,1.9,21,4.3,88,5.4,3.9,10.3,143.1,57,,50,346,4.3,2.9,9.4,1,1,-143.05,13,Carolina Panthers,16,428,1846,7,60,4.3,115.4,31,-66.92,6,Carolina Panthers,16,39,373,0,37,9.6,74,1619,0,64,21.9,6432,20,Carolina Panthers,16,,,9,9,2,2,14,11,4,3,29,25,86.2%,17,17,100.0%,95,4094,60,0,43.1,32,Carolina Panthers,16,7,9,,,,1,,17,,0,17,17,25,29,1,196,12.3,7,Carolina Panthers,16,197,991,20.8,17.8,5,20.7,Own 28.7,2:14,0.95
Chicago Bears,11,5,0,0.688,334,286,48,3,1.1,4.1,-0.6,4.7,21,Chicago Bears,16,334,4631,936,4.9,31,10,263,276,466,3015,23,21,5.8,163,414,1616,10,3.9,76,91,768,24,29.3,15.7,-93.46,28,Chicago Bears,16,276,466,59.2,3015,23,4.9,21,4.5,89,7.3,6.2,12.3,188.4,79.5,,56,382,5.8,4.8,10.7,4,4,-35.91,22,Chicago Bears,16,414,1616,10,68,3.9,101,19,-44.87,21,Chicago Bears,16,33,564,3,89,17.1,59,1497,0,79,25.4,7075,14,Chicago Bears,16,1,1,9,9,9,8,7,4,4,3,30,25,83.3%,35,35,100.0%,83,3328,56,0,40.1,21,Chicago Bears,16,10,23,3,,,1,,37,1,2,35,35,25,30,,334,20.9,6,Chicago Bears,16,198,966,29.3,15.7,4.9,23.4,Own 33.7,2:23,1.55
Cincinnati Bengals,4,12,0,0.25,322,395,-73,-4.6,3.1,-1.4,0.4,-1.9,22,Cincinnati Bengals,16,322,5289,1046,5.1,34,14,317,365,590,3767,26,20,6.1,206,428,1522,8,3.6,85,90,725,26,30.5,16.3,-37.44,13,Cincinnati Bengals,16,365,590,61.9,3767,26,4.4,20,3.4,78,6.8,6.1,10.9,235.4,82.4,,28,221,6.1,5.5,4.5,1,1,49.8,27,Cincinnati Bengals,16,428,1522,8,42,3.6,95.1,21,-81.08,9,Cincinnati Bengals,16,36,258,0,27,7.2,71,1551,0,60,21.8,7385,27,Cincinnati Bengals,16,1,1,12,10,9,9,5,2,4,2,31,24,77.4%,32,30,93.8%,72,2995,72,1,41.6,22,Cincinnati Bengals,16,8,26,,,1,1,,36,2,4,30,32,24,31,,322,20.1,15,Cincinnati Bengals,16,190,1077,30.5,16.3,5.7,27.9,Own 31.2,2:38,1.63
Cleveland Browns,5,11,0,0.313,271,332,-61,-3.8,2.3,-1.5,-3.4,2,31,Cleveland Browns,16,271,4635,927,5,29,11,265,296,478,2989,13,18,5.8,154,413,1646,13,4,87,78,675,24,27.7,15.8,-59.78,29,Cleveland Browns,16,296,478,61.9,2989,13,2.7,18,3.8,65,6.7,5.6,10.8,186.8,75,,36,214,5.8,4.7,7,1,2,-22.4,20,Cleveland Browns,16,413,1646,13,68,4,102.9,29,-28.21,23,Cleveland Browns,16,22,235,0,62,10.7,70,1191,0,37,17,6288,28,Cleveland Browns,16,3,3,7,7,10,10,5,3,3,,28,23,82.1%,28,28,100.0%,78,3424,59,0,43.9,31,Cleveland Browns,16,13,13,,,1,2,,29,,1,28,28,23,28,,271,16.9,29,Cleveland Browns,16,177,955,27.7,15.8,5.4,26.1,Own 29.8,2:34,1.42
Dallas Cowboys,6,10,0,0.375,394,436,-42,-2.6,0.5,-2.2,2.5,-4.7,8,Dallas Cowboys,16,394,5828,1035,5.6,30,11,327,379,576,4042,29,19,6.7,201,428,1786,10,4.2,104,109,863,22,34.6,14.8,26.25,6,Dallas Cowboys,16,379,576,65.8,4042,29,5,19,3.3,71,7.3,6.8,11.1,252.6,90.4,,31,166,6.7,6.2,5.1,2,3,50.85,16,Dallas Cowboys,16,428,1786,10,60,4.2,111.6,28,-8.3,17,Dallas Cowboys,16,24,382,3,97,15.9,74,1572,0,43,21.2,7938,19,Dallas Cowboys,16,,,8,8,7,4,11,8,6,4,32,24,75.0%,44,42,95.5%,66,3115,65,1,47.2,8,Dallas Cowboys,16,10,29,3,,1,3,,46,2,2,42,44,24,32,,394,24.6,23,Dallas Cowboys,16,182,1067,34.6,14.8,5.9,31.8,Own 28.8,2:46,1.9
Denver Broncos,4,12,0,0.25,344,471,-127,-7.9,-1,-8.9,-1.1,-7.8,19,Denver Broncos,16,344,5582,1018,5.5,27,15,309,334,580,4038,25,12,6.5,204,398,1544,13,3.9,81,98,944,24,30.6,11.7,-15.18,7,Denver Broncos,16,334,580,57.6,4038,25,4.3,12,2.1,71,7.4,7.4,12.9,252.4,86.8,,40,269,6.5,6.4,6.5,2,2,58.91,26,Denver Broncos,16,398,1544,13,40,3.9,96.5,29,-64.53,26,Denver Broncos,16,31,323,0,33,10.4,59,1435,1,97,24.3,7657,10,Denver Broncos,16,,,4,4,10,10,8,6,3,2,25,22,88.0%,39,38,97.4%,86,3836,63,0,44.6,19,Denver Broncos,16,13,25,,1,1,,,40,,1,38,39,22,25,,344,21.5,10,Denver Broncos,16,196,1043,30.6,11.7,5.3,28.4,Own 27.5,2:18,1.69
Detroit Lions,6,10,0,0.375,362,369,-7,-0.4,2.3,1.9,2.4,-0.5,15,Detroit Lions,16,362,5423,1064,5.1,25,9,304,383,633,3810,26,16,5.8,199,404,1613,11,4,83,136,1018,22,32.1,12.4,-15.31,12,Detroit Lions,16,383,633,60.5,3810,26,4.1,16,2.5,87,6.3,6,10.4,238.1,82,,27,191,5.8,5.5,4.1,4,3,24.52,23,Detroit Lions,16,404,1613,11,45,4,100.8,20,-34.08,25,Detroit Lions,16,30,362,0,71,12.1,61,1519,1,105,24.9,7529,7,Detroit Lions,16,,,4,4,7,7,13,9,6,5,30,25,83.3%,36,35,97.2%,90,4014,66,0,44.6,15,Detroit Lions,16,11,26,,1,1,2,,41,2,5,35,36,25,30,1,362,22.6,11,Detroit Lions,16,193,1094,32.1,12.4,5.7,28.1,Own 29.3,2:28,1.73
Green Bay Packers,10,6,0,0.625,388,240,148,9.3,1.7,10.9,3.1,7.9,10,Green Bay Packers,16,388,5730,1000,5.7,22,9,312,352,541,4124,31,13,7.1,204,421,1606,11,3.8,88,78,617,20,35,10.9,131.57,5,Green Bay Packers,16,352,541,65.1,4124,31,5.7,13,2.4,86,8,8.1,12.4,257.8,98.9,,38,231,7.1,7.2,6.6,0,1,177.59,24,Green Bay Packers,16,421,1606,11,71,3.8,100.4,20,-35.49,12,Green Bay Packers,16,41,325,0,52,7.9,62,1249,0,51,20.1,7567,17,Green Bay Packers,16,1,1,8,7,5,4,10,8,4,2,28,22,78.6%,46,46,100.0%,71,3110,62,0,43.8,10,Green Bay Packers,16,11,31,,,1,3,,46,,0,46,46,22,28,,388,24.3,21,Green Bay Packers,16,183,1028,35,10.9,5.6,31.3,Own 29.8,2:48,1.97
Houston Texans,6,10,0,0.375,390,427,-37,-2.3,0.5,-1.8,1.8,-3.7,9,Houston Texans,16,390,6186,1029,6,18,6,360,365,574,4144,24,12,6.8,222,423,2042,20,4.8,118,90,690,20,39.7,10.1,131.89,4,Houston Texans,16,365,574,63.6,4144,24,4.2,12,2.1,60,7.6,7.5,12,259,92,,32,226,6.8,6.7,5.3,2,2,107.12,7,Houston Texans,16,423,2042,20,74,4.8,127.6,15,29.35,13,Houston Texans,16,35,235,0,39,6.7,67,1326,0,50,19.8,7970,26,Houston Texans,16,,,8,8,11,11,7,5,4,3,30,27,90.0%,43,43,100.0%,63,2652,60,0,42.1,9,Houston Texans,16,20,24,,,,,,44,1,1,43,43,27,30,,390,24.4,24,Houston Texans,16,179,1059,39.7,10.1,5.9,34.5,Own 25.6,2:38,2.17
Indianapolis Colts,10,6,0,0.625,435,388,47,2.9,-0.1,2.9,3.7,-0.9,4,Indianapolis Colts,16,435,6092,1088,5.6,25,8,366,450,679,4609,33,17,6.6,253,393,1483,13,3.8,87,79,709,26,40.2,13.4,129.4,1,Indianapolis Colts,16,450,679,66.3,4609,33,4.9,17,2.5,73,6.9,6.8,10.4,288.1,91.9,,16,91,6.6,6.5,2.3,0,2,164.23,29,Indianapolis Colts,16,393,1483,13,49,3.8,92.7,14,-31.5,18,Indianapolis Colts,16,31,214,0,18,6.9,67,1310,1,41,19.6,7712,15,Indianapolis Colts,16,,,8,8,10,9,10,9,,,28,26,92.9%,51,51,100.0%,69,2912,66,0,42.2,4,Indianapolis Colts,16,13,33,,1,1,2,1,51,,0,51,51,26,28,,435,27.2,26,Indianapolis Colts,16,179,1116,40.2,13.4,6.2,34,Own 27.5,2:40,2.23
Jacksonville Jaguars,8,8,0,0.5,353,419,-66,-4.1,-0.4,-4.5,-1.2,-3.3,18,Jacksonville Jaguars,16,353,5460,1019,5.4,33,12,330,291,469,3065,26,21,6,161,512,2395,14,4.7,148,83,675,21,35,16.9,52.89,27,Jacksonville Jaguars,16,291,469,62,3065,26,5.5,21,4.5,75,7.2,6.2,11.5,191.6,83.4,,38,291,6,5.2,7.5,1,5,20.91,3,Jacksonville Jaguars,16,512,2395,14,74,4.7,149.7,23,38.34,4,Jacksonville Jaguars,16,36,359,1,78,10,80,1903,0,65,23.8,8043,32,Jacksonville Jaguars,16,2,2,3,3,7,6,14,9,2,2,28,22,78.6%,41,41,100.0%,57,2497,63,0,43.8,18,Jacksonville Jaguars,16,14,26,1,,,,,41,,0,41,41,22,28,,353,22.1,28,Jacksonville Jaguars,16,177,1047,35,16.9,5.9,30.7,Own 30.2,2:53,1.95
Kansas City Chiefs,10,6,0,0.625,366,326,40,2.5,-3.2,-0.7,-1.5,0.8,14,Kansas City Chiefs,16,366,5595,1063,5.3,14,6,319,274,475,2968,27,8,5.9,167,556,2627,13,4.7,129,90,771,23,31.3,6.8,22.72,30,Kansas City Chiefs,16,274,475,57.7,2968,27,5.7,8,1.7,75,6.7,7.1,11.6,185.5,90.1,,32,221,5.9,6.2,6.3,1,2,44.29,1,Kansas City Chiefs,16,556,2627,13,80,4.7,164.2,15,-10.27,8,Kansas City Chiefs,16,52,524,1,94,10.1,58,1140,0,36,19.7,7497,5,Kansas City Chiefs,16,,,6,6,9,7,8,6,3,1,26,20,76.9%,42,42,100.0%,90,3942,72,1,43.8,14,Kansas City Chiefs,16,13,27,1,,,3,,44,,2,42,42,20,26,,366,22.9,12,Kansas City Chiefs,16,192,1089,31.3,6.8,5.7,29.1,Own 30.5,2:38,1.77
Miami Dolphins,7,9,0,0.438,273,333,-60,-3.8,4.1,0.3,-2.8,3.1,30,Miami Dolphins,16,273,5170,1040,5,31,10,300,335,557,3527,17,21,5.9,189,445,1643,8,3.7,91,72,595,20,29.7,15.7,-61.78,16,Miami Dolphins,16,335,557,60.1,3527,17,3.1,21,3.8,57,6.7,5.7,11.2,220.4,74.8,,38,228,5.9,4.9,6.4,0,1,7.64,21,Miami Dolphins,16,445,1643,8,51,3.7,102.7,24,-61.17,29,Miami Dolphins,16,28,293,0,47,10.5,56,1199,0,46,21.4,6848,22,Miami Dolphins,16,1,1,9,9,5,5,18,11,8,4,41,30,73.2%,25,25,100.0%,75,3368,69,2,44.9,30,Miami Dolphins,16,8,17,,,1,,,26,,1,25,25,30,41,1,273,17.1,19,Miami Dolphins,16,185,1081,29.7,15.7,5.8,27.7,Own 28.6,2:40,1.43
Minnesota Vikings,6,10,0,0.375,281,348,-67,-4.2,2.6,-1.6,-3.3,1.7,29,Minnesota Vikings,16,281,5039,982,5.1,37,11,289,305,505,3097,14,26,5.7,159,441,1942,16,4.4,104,100,769,26,24.9,19,-89.86,26,Minnesota Vikings,16,305,505,60.4,3097,14,2.8,26,5.1,53,6.6,4.8,10.9,193.6,67.7,,36,230,5.7,4.1,6.7,1,2,-50.2,10,Minnesota Vikings,16,441,1942,16,80,4.4,121.4,20,-23.58,11,Minnesota Vikings,16,42,361,0,52,8.6,64,1427,1,95,22.3,7047,29,Minnesota Vikings,16,,,7,7,9,8,2,2,,,18,17,94.4%,31,30,96.8%,83,3569,59,0,43,29,Minnesota Vikings,16,16,14,,1,1,1,,33,1,2,30,31,17,18,,281,17.6,17,Minnesota Vikings,16,189,1000,24.9,19,5.3,26.4,Own 30.2,2:34,1.38
New England Patriots,14,2,0,0.875,518,313,205,12.8,2.6,15.4,12.6,2.8,1,New England Patriots,16,518,5820,986,5.9,10,5,335,331,507,3847,37,5,7.2,196,454,1973,19,4.3,119,83,766,20,47,5.4,190.29,11,New England Patriots,16,331,507,65.3,3847,37,7.3,5,1,79,7.9,8.9,12.2,240.4,109.8,,25,175,7.2,8.2,4.7,2,3,147.73,9,New England Patriots,16,454,1973,19,36,4.3,123.3,9,45.5,30,New England Patriots,16,27,361,1,94,13.4,56,1231,2,103,22,7678,16,New England Patriots,16,1,1,7,7,12,11,4,3,1,,25,22,88.0%,64,62,96.9%,58,2506,65,0,43.2,1,New England Patriots,16,19,37,1,2,1,4,1,65,,1,62,64,22,25,,518,32.4,32,New England Patriots,16,166,1011,47,5.4,6.1,35,Own 32.1,2:50,2.76
New Orleans Saints,11,5,0,0.688,384,307,77,4.8,-2.5,2.3,1.5,0.8,11,New Orleans Saints,16,384,5960,1067,5.6,31,9,351,450,661,4441,33,22,6.5,236,380,1519,9,4,94,90,884,21,38.5,16.7,98.07,3,New Orleans Saints,16,450,661,68.1,4441,33,5,22,3.3,80,7,6.5,10.3,277.6,90.8,,26,195,6.5,6,3.8,4,5,137.35,28,New Orleans Saints,16,380,1519,9,55,4,94.9,23,-36.1,31,New Orleans Saints,16,27,210,0,72,7.8,52,1181,0,39,22.7,7570,30,New Orleans Saints,16,1,1,8,5,13,11,7,6,2,2,31,25,80.6%,43,43,100.0%,57,2616,64,0,45.9,11,New Orleans Saints,16,9,33,,,,2,,44,,0,43,43,25,31,1,384,24,30,New Orleans Saints,16,174,1098,38.5,16.7,6.3,34.2,Own 29.2,2:57,2.12
New York Giants,10,6,0,0.625,394,347,47,2.9,-0.8,2.1,1.7,0.4,7,New York Giants,16,394,6085,1035,5.9,42,17,331,339,539,3885,31,25,7,192,480,2200,17,4.6,112,92,777,27,32.4,20.3,12.48,10,New York Giants,16,339,539,62.9,3885,31,5.8,25,4.6,92,7.4,6.5,11.8,242.8,85.3,,16,117,7,6.1,2.9,1,1,66.22,6,New York Giants,16,480,2200,17,73,4.6,137.5,26,-46.48,15,New York Giants,16,43,263,0,22,6.1,57,1082,0,42,19,7577,18,New York Giants,16,,,12,12,4,2,4,3,3,2,23,19,82.6%,47,47,100.0%,73,3219,69,1,44.1,7,New York Giants,16,17,31,,,,,,48,1,1,47,47,19,23,,394,24.6,1,New York Giants,16,207,1058,32.4,20.3,5.1,29.3,Own 31.0,2:31,1.9
New York Jets,11,5,0,0.688,367,304,63,3.9,2.5,6.5,2.2,4.2,13,New York Jets,16,367,5616,1087,5.2,21,7,307,288,525,3242,20,14,5.9,171,534,2374,14,4.4,118,103,934,18,32.2,10.6,19.75,22,New York Jets,16,288,525,54.9,3242,20,3.8,14,2.7,74,6.5,6.1,11.9,202.6,76.5,,28,178,5.9,5.4,5.1,4,6,39.6,4,New York Jets,16,534,2374,14,53,4.4,148.4,23,-7.46,3,New York Jets,16,56,529,0,32,9.4,63,1588,2,97,25.2,7940,3,New York Jets,16,1,1,11,10,16,14,6,3,5,2,39,30,76.9%,37,37,100.0%,84,3578,61,0,42.6,13,New York Jets,16,14,20,,2,,3,,39,1,1,37,37,30,39,2,367,22.9,5,New York Jets,16,199,1126,32.2,10.6,5.7,28.2,Own 32.8,2:37,1.65
Oakland Raiders,8,8,0,0.5,410,371,39,2.4,-2.3,0.2,2.3,-2.2,6,Oakland Raiders,16,410,5674,1039,5.5,26,10,306,279,491,3180,18,16,5.9,159,504,2494,19,4.9,113,148,1276,34,34.5,11.8,1.3,23,Oakland Raiders,16,279,491,56.8,3180,18,3.7,16,3.3,73,7.1,6.3,12.4,198.8,77.5,,44,291,5.9,5.3,8.2,2,2,16.19,2,Oakland Raiders,16,504,2494,19,71,4.9,155.9,32,4.28,2,Oakland Raiders,16,55,386,0,53,7,68,1532,3,101,22.5,7965,1,Oakland Raiders,16,,,8,8,14,13,12,8,7,4,41,33,80.5%,43,43,100.0%,78,3650,68,0,46.8,6,Oakland Raiders,16,19,18,,3,1,2,1,44,,1,43,43,33,41,2,410,25.6,3,Oakland Raiders,16,203,1080,34.5,11.8,5.3,27.9,Own 28.8,2:27,1.76
Philadelphia Eagles,10,6,0,0.625,439,377,62,3.9,0.3,4.2,5.4,-1.2,3,Philadelphia Eagles,16,439,6230,1038,6,25,12,322,348,561,3906,28,13,6.4,189,428,2324,18,5.4,116,129,1101,17,39.8,11.7,93.21,9,Philadelphia Eagles,16,348,561,62,3906,28,5,13,2.3,91,7.5,7.5,12.1,244.1,92.1,,49,309,6.4,6.4,8,4,3,45.25,5,Philadelphia Eagles,16,428,2324,18,62,5.4,145.3,33,59.56,16,Philadelphia Eagles,16,38,404,1,65,10.6,62,1272,0,46,20.5,8265,4,Philadelphia Eagles,16,,,12,12,12,10,11,9,3,1,38,32,84.2%,47,47,100.0%,73,3197,63,0,43.8,3,Philadelphia Eagles,16,18,28,1,,1,1,,49,1,2,47,47,32,38,,439,27.4,9,Philadelphia Eagles,16,196,1076,39.8,11.7,5.5,31.8,Own 31.6,2:33,2.13
Pittsburgh Steelers,12,4,0,0.75,375,232,143,8.9,1.3,10.2,2.5,7.7,12,Pittsburgh Steelers,16,375,5525,993,5.6,18,9,295,298,479,3601,22,9,6.9,175,471,1924,15,4.1,106,100,903,14,36.9,9.5,49.6,14,Pittsburgh Steelers,16,298,479,62.2,3601,22,4.6,9,1.9,56,8.1,8.2,13.1,225.1,95.2,,43,289,6.9,7,8.2,2,5,96.31,11,Pittsburgh Steelers,16,471,1924,15,50,4.1,120.3,22,-45.75,28,Pittsburgh Steelers,16,37,226,0,38,6.1,49,1153,1,89,23.5,7206,13,Pittsburgh Steelers,16,3,3,11,10,6,6,13,8,4,2,37,29,78.4%,38,38,100.0%,74,3278,62,0,44.3,12,Pittsburgh Steelers,16,15,22,,1,,3,,41,2,2,38,38,29,37,,375,23.4,25,Pittsburgh Steelers,16,179,1031,36.9,9.5,5.8,30.8,Own 31.5,2:54,1.93
San Diego Chargers,9,7,0,0.563,441,322,119,7.4,-2.6,4.8,3.2,1.6,2,San Diego Chargers,16,441,6329,1039,6.1,29,16,357,359,544,4519,30,13,7.8,236,457,1810,18,4,94,84,677,27,40.3,14.5,107.05,2,San Diego Chargers,16,359,544,66,4519,30,5.5,13,2.4,59,8.7,8.8,13.2,282.4,101.9,,38,227,7.8,7.8,6.5,1,1,163.92,15,San Diego Chargers,16,457,1810,18,36,4,113.1,25,-50.53,20,San Diego Chargers,16,40,420,0,62,10.5,56,1342,0,45,24,8317,25,San Diego Chargers,16,,,7,7,11,10,10,9,5,1,33,27,81.8%,48,48,100.0%,56,2430,67,4,43.4,2,San Diego Chargers,16,18,30,,,,3,,51,2,2,48,48,27,33,1,441,27.6,18,San Diego Chargers,16,186,1072,40.3,14.5,5.8,33.9,Own 28.6,2:51,2.24
San Francisco 49ers,6,10,0,0.375,305,346,-41,-2.6,-3.3,-5.8,-4.7,-1.1,24,San Francisco 49ers,16,305,5013,945,5.3,23,8,251,282,500,3356,19,15,6.2,149,401,1657,10,4.1,85,112,933,17,26.8,11.1,-40.48,18,San Francisco 49ers,16,282,500,56.4,3356,19,3.8,15,3,66,7.2,6.6,12.8,209.8,79.4,,44,257,6.2,5.6,8.1,2,2,-5.7,19,San Francisco 49ers,16,401,1657,10,64,4.1,103.6,22,-28.23,22,San Francisco 49ers,16,31,366,1,78,11.8,61,1187,0,61,19.5,6799,8,San Francisco 49ers,16,,,10,10,8,6,6,4,3,2,27,22,81.5%,33,33,100.0%,91,4204,64,0,46.2,24,San Francisco 49ers,16,10,19,1,,,3,1,34,1,1,33,33,22,27,,305,19.1,14,San Francisco 49ers,16,190,972,26.8,11.1,5.1,26.2,Own 28.5,2:25,1.42
Seattle Seahawks,7,9,0,0.438,310,407,-97,-6.1,-3.4,-9.4,-3.9,-5.5,23,Seattle Seahawks,16,310,4765,964,4.9,31,11,260,324,544,3341,14,20,5.8,159,385,1424,13,3.7,81,101,890,20,26.5,14.8,-91.33,19,Seattle Seahawks,16,324,544,59.6,3341,14,2.6,20,3.7,87,6.5,5.4,10.9,208.8,72.1,,35,195,5.8,4.7,6,0,0,-23.61,31,Seattle Seahawks,16,385,1424,13,39,3.7,89,18,-58.26,10,Seattle Seahawks,16,42,468,0,84,11.1,65,1558,3,101,24,6968,24,Seattle Seahawks,16,2,2,12,10,7,7,7,5,2,1,30,25,83.3%,31,31,100.0%,78,3253,63,0,41.7,23,Seattle Seahawks,16,13,14,,3,,2,1,33,2,2,31,31,25,30,1,310,19.4,8,Seattle Seahawks,16,196,994,26.5,14.8,5.1,24.2,Own 30.8,2:15,1.35
St. Louis Rams,7,9,0,0.438,289,328,-39,-2.4,-4.2,-6.7,-6.3,-0.4,26,St. Louis Rams,16,289,4846,1053,4.6,21,6,292,354,590,3268,18,15,5.2,179,429,1578,9,3.7,84,102,877,29,30.2,9.5,-85.9,21,St. Louis Rams,16,354,590,60,3268,18,3.1,15,2.5,49,6,5.4,9.9,204.3,76.5,,34,244,5.2,4.7,5.4,,,-22.88,25,St. Louis Rams,16,429,1578,9,42,3.7,98.6,14,-51.21,5,St. Louis Rams,16,40,452,0,42,11.3,74,1614,0,84,21.8,7268,2,St. Louis Rams,16,,,12,11,14,12,9,7,4,3,39,33,84.6%,27,26,96.3%,94,4277,63,0,45.5,26,St. Louis Rams,16,9,18,,,,,,27,,0,26,27,33,39,1,289,18.1,4,St. Louis Rams,16,199,1092,30.2,9.5,5.5,24.3,Own 30.9,2:30,1.45
Tampa Bay Buccaneers,10,6,0,0.625,341,318,23,1.4,-2,-0.6,-1,0.4,20,Tampa Bay Buccaneers,16,341,5362,955,5.6,19,13,288,306,494,3361,26,6,6.4,172,431,2001,9,4.6,97,100,837,19,33.7,9.3,48.96,17,Tampa Bay Buccaneers,16,306,494,61.9,3361,26,5.3,6,1.2,64,7.2,7.7,11.6,210.1,96.2,,30,203,6.4,6.9,5.7,5,5,72.77,8,Tampa Bay Buccaneers,16,431,2001,9,61,4.6,125.1,24,-16.44,27,Tampa Bay Buccaneers,16,30,193,0,23,6.4,57,1386,1,89,24.3,7148,23,Tampa Bay Buccaneers,16,,,6,6,10,10,10,6,2,1,28,23,82.1%,36,36,100.0%,76,3055,64,0,40.2,20,Tampa Bay Buccaneers,16,9,26,,1,,3,,39,1,3,36,36,23,28,,341,21.3,31,Tampa Bay Buccaneers,16,172,983,33.7,9.3,5.7,31.2,Own 28.9,2:52,1.83
Tennessee Titans,6,10,0,0.375,356,339,17,1.1,0,1,-0.9,1.9,17,Tennessee Titans,16,356,4834,907,5.3,29,14,252,273,474,3107,24,15,6.2,155,406,1727,13,4.3,73,128,1040,24,33.2,14.7,-9.57,25,Tennessee Titans,16,273,474,57.6,3107,24,5.1,15,3.2,80,6.9,6.5,12,194.2,82.6,,27,171,6.2,5.8,5.4,1,2,65.02,17,Tennessee Titans,16,406,1727,13,76,4.3,107.9,22,-62.13,24,Tennessee Titans,16,27,329,1,87,12.2,64,1556,1,98,24.3,6872,21,Tennessee Titans,16,,,6,6,9,8,8,8,3,2,26,24,92.3%,38,38,100.0%,77,3303,68,0,42.9,17,Tennessee Titans,16,13,24,1,1,,1,,40,1,2,38,38,24,26,2,356,22.3,20,Tennessee Titans,16,184,933,33.2,14.7,5.1,26,Own 31.5,2:16,1.8
Washington Redskins,6,10,0,0.375,302,377,-75,-4.7,0.9,-3.8,-3.4,-0.5,25,Washington Redskins,16,302,5392,1002,5.4,31,12,295,349,605,3931,21,19,6,194,351,1461,9,4.2,72,90,647,29,26.3,14.6,-67.32,8,Washington Redskins,16,349,605,57.7,3931,21,3.5,19,3.1,76,7.1,6.4,12.3,245.7,78.1,,46,348,6,5.4,7.1,2,3,-14.25,30,Washington Redskins,16,351,1461,9,54,4.2,91.3,29,-36.32,7,Washington Redskins,16,40,432,0,53,10.8,73,1680,1,96,23,7837,6,Washington Redskins,16,1,1,10,8,7,4,14,11,3,,35,24,68.6%,28,28,100.0%,94,3779,56,2,40.2,25,Washington Redskins,16,9,21,,1,1,1,,33,2,4,28,28,24,35,,302,18.9,2,Washington Redskins,16,205,1037,26.3,14.6,5.1,26,Own 28.8,2:15,1.38
